AXIS_ID,CODE,ORIENTATION,ORDER,NAME,DESCRIPTION,TABLE_ID,IS_OPEN_AXIS
EBA_FINREP_EBA_F_00_01_FINREP_1,,X,,EBA_FINREP_EBA_F_00.01_FINREP_1,,,
EBA_FINREP_EBA_F_00_01_FINREP_2,,Y,,EBA_FINREP_EBA_F_00.01_FINREP_2,,,
EBA_FINREP_EBA_F_00_01_FINREP_3_0-Ind_1,,X,,EBA_FINREP_EBA_F_00.01_FINREP_3.0-Ind_1,,,
EBA_FINREP_EBA_F_00_01_FINREP_3_0-Ind_2,,Y,,EBA_FINREP_EBA_F_00.01_FINREP_3.0-Ind_2,,,
EBA_FINREP_EBA_F_01_01_FINREP_2016-A_1,,X,,EBA_FINREP_EBA_F_01.01_FINREP_2016-A_1,,,
EBA_FINREP_EBA_F_01_01_FINREP_2016-A_2,,Y,,EBA_FINREP_EBA_F_01.01_FINREP_2016-A_2,,,
EBA_FINREP_EBA_F_01_01_FINREP_2017-A_1,,X,,EBA_FINREP_EBA_F_01.01_FINREP_2017-A_1,,,
EBA_FINREP_EBA_F_01_01_FINREP_2017-A_2,,Y,,EBA_FINREP_EBA_F_01.01_FINREP_2017-A_2,,,
EBA_FINREP_EBA_F_01_01_FINREP_3_0-Ind_1,,X,,EBA_FINREP_EBA_F_01.01_FINREP_3.0-Ind_1,,,
EBA_FINREP_EBA_F_01_01_FINREP_3_0-Ind_2,,Y,,EBA_FINREP_EBA_F_01.01_FINREP_3.0-Ind_2,,,
EBA_FINREP_EBA_F_01_02_FINREP_2016-A_1,,X,,EBA_FINREP_EBA_F_01.02_FINREP_2016-A_1,,,
EBA_FINREP_EBA_F_01_02_FINREP_2016-A_2,,Y,,EBA_FINREP_EBA_F_01.02_FINREP_2016-A_2,,,
EBA_FINREP_EBA_F_01_02_FINREP_2017-A_1,,X,,EBA_FINREP_EBA_F_01.02_FINREP_2017-A_1,,,
EBA_FINREP_EBA_F_01_02_FINREP_2017-A_2,,Y,,EBA_FINREP_EBA_F_01.02_FINREP_2017-A_2,,,
EBA_FINREP_EBA_F_01_02_FINREP_3_0-Ind_1,,X,,EBA_FINREP_EBA_F_01.02_FINREP_3.0-Ind_1,,,
EBA_FINREP_EBA_F_01_02_FINREP_3_0-Ind_2,,Y,,EBA_FINREP_EBA_F_01.02_FINREP_3.0-Ind_2,,,
EBA_FINREP_EBA_F_01_03_FINREP_1,,X,,EBA_FINREP_EBA_F_01.03_FINREP_1,,,
EBA_FINREP_EBA_F_01_03_FINREP_2,,Y,,EBA_FINREP_EBA_F_01.03_FINREP_2,,,
EBA_FINREP_EBA_F_01_03_FINREP_2017-A_1,,X,,EBA_FINREP_EBA_F_01.03_FINREP_2017-A_1,,,
EBA_FINREP_EBA_F_01_03_FINREP_2017-A_2,,Y,,EBA_FINREP_EBA_F_01.03_FINREP_2017-A_2,,,
EBA_FINREP_EBA_F_01_03_FINREP_3_0-Ind_1,,X,,EBA_FINREP_EBA_F_01.03_FINREP_3.0-Ind_1,,,
EBA_FINREP_EBA_F_01_03_FINREP_3_0-Ind_2,,Y,,EBA_FINREP_EBA_F_01.03_FINREP_3.0-Ind_2,,,
EBA_FINREP_EBA_F_02_00_FINREP_2016-A_1,,X,,EBA_FINREP_EBA_F_02.00_FINREP_2016-A_1,,,
EBA_FINREP_EBA_F_02_00_FINREP_2016-A_2,,Y,,EBA_FINREP_EBA_F_02.00_FINREP_2016-A_2,,,
EBA_FINREP_EBA_F_02_00_FINREP_2017-A_1,,X,,EBA_FINREP_EBA_F_02.00_FINREP_2017-A_1,,,
EBA_FINREP_EBA_F_02_00_FINREP_2017-A_2,,Y,,EBA_FINREP_EBA_F_02.00_FINREP_2017-A_2,,,
EBA_FINREP_EBA_F_02_00_FINREP_2_9_1,,X,,EBA_FINREP_EBA_F_02.00_FINREP_2.9_1,,,
EBA_FINREP_EBA_F_02_00_FINREP_2_9_2,,Y,,EBA_FINREP_EBA_F_02.00_FINREP_2.9_2,,,
EBA_FINREP_EBA_F_02_00_FINREP_3_0-Ind_1,,X,,EBA_FINREP_EBA_F_02.00_FINREP_3.0-Ind_1,,,
EBA_FINREP_EBA_F_02_00_FINREP_3_0-Ind_2,,Y,,EBA_FINREP_EBA_F_02.00_FINREP_3.0-Ind_2,,,
EBA_FINREP_EBA_F_03_00_FINREP_2015-A_1,,X,,EBA_FINREP_EBA_F_03.00_FINREP_2015-A_1,,,
EBA_FINREP_EBA_F_03_00_FINREP_2015-A_2,,Y,,EBA_FINREP_EBA_F_03.00_FINREP_2015-A_2,,,
EBA_FINREP_EBA_F_03_00_FINREP_2017-A_1,,X,,EBA_FINREP_EBA_F_03.00_FINREP_2017-A_1,,,
EBA_FINREP_EBA_F_03_00_FINREP_2017-A_2,,Y,,EBA_FINREP_EBA_F_03.00_FINREP_2017-A_2,,,
EBA_FINREP_EBA_F_03_00_FINREP_2_8_1,,X,,EBA_FINREP_EBA_F_03.00_FINREP_2.8_1,,,
EBA_FINREP_EBA_F_03_00_FINREP_2_8_2,,Y,,EBA_FINREP_EBA_F_03.00_FINREP_2.8_2,,,
EBA_FINREP_EBA_F_03_00_FINREP_3_0-Ind_1,,X,,EBA_FINREP_EBA_F_03.00_FINREP_3.0-Ind_1,,,
EBA_FINREP_EBA_F_03_00_FINREP_3_0-Ind_2,,Y,,EBA_FINREP_EBA_F_03.00_FINREP_3.0-Ind_2,,,
EBA_FINREP_EBA_F_04_01_FINREP_1,,X,,EBA_FINREP_EBA_F_04.01_FINREP_1,,,
EBA_FINREP_EBA_F_04_01_FINREP_2,,Y,,EBA_FINREP_EBA_F_04.01_FINREP_2,,,
EBA_FINREP_EBA_F_04_01_FINREP_2017-A_1,,X,,EBA_FINREP_EBA_F_04.01_FINREP_2017-A_1,,,
EBA_FINREP_EBA_F_04_01_FINREP_2017-A_2,,Y,,EBA_FINREP_EBA_F_04.01_FINREP_2017-A_2,,,
EBA_FINREP_EBA_F_04_01_FINREP_3_0-Ind_1,,X,,EBA_FINREP_EBA_F_04.01_FINREP_3.0-Ind_1,,,
EBA_FINREP_EBA_F_04_01_FINREP_3_0-Ind_2,,Y,,EBA_FINREP_EBA_F_04.01_FINREP_3.0-Ind_2,,,
EBA_FINREP_EBA_F_04_02_1_FINREP_2017-A_2,,X,,EBA_FINREP_EBA_F_04.02.1_FINREP_2017-A_2,,,
EBA_FINREP_EBA_F_04_02_1_FINREP_2017-A_3,,Y,,EBA_FINREP_EBA_F_04.02.1_FINREP_2017-A_3,,,
EBA_FINREP_EBA_F_04_02_1_FINREP_3_0-Ind_2,,X,,EBA_FINREP_EBA_F_04.02.1_FINREP_3.0-Ind_2,,,
EBA_FINREP_EBA_F_04_02_1_FINREP_3_0-Ind_3,,Y,,EBA_FINREP_EBA_F_04.02.1_FINREP_3.0-Ind_3,,,
EBA_FINREP_EBA_F_04_02_2_FINREP_2017-A_2,,X,,EBA_FINREP_EBA_F_04.02.2_FINREP_2017-A_2,,,
EBA_FINREP_EBA_F_04_02_2_FINREP_2017-A_3,,Y,,EBA_FINREP_EBA_F_04.02.2_FINREP_2017-A_3,,,
EBA_FINREP_EBA_F_04_02_2_FINREP_3_0-Ind_2,,X,,EBA_FINREP_EBA_F_04.02.2_FINREP_3.0-Ind_2,,,
EBA_FINREP_EBA_F_04_02_2_FINREP_3_0-Ind_3,,Y,,EBA_FINREP_EBA_F_04.02.2_FINREP_3.0-Ind_3,,,
EBA_FINREP_EBA_F_04_02_FINREP_1,,X,,EBA_FINREP_EBA_F_04.02_FINREP_1,,,
EBA_FINREP_EBA_F_04_02_FINREP_2,,Y,,EBA_FINREP_EBA_F_04.02_FINREP_2,,,
EBA_FINREP_EBA_F_04_03_1_FINREP_2017-A_2,,X,,EBA_FINREP_EBA_F_04.03.1_FINREP_2017-A_2,,,
EBA_FINREP_EBA_F_04_03_1_FINREP_2017-A_3,,Y,,EBA_FINREP_EBA_F_04.03.1_FINREP_2017-A_3,,,
EBA_FINREP_EBA_F_04_03_1_FINREP_2_9_2,,X,,EBA_FINREP_EBA_F_04.03.1_FINREP_2.9_2,,,
EBA_FINREP_EBA_F_04_03_1_FINREP_2_9_3,,Y,,EBA_FINREP_EBA_F_04.03.1_FINREP_2.9_3,,,
EBA_FINREP_EBA_F_04_03_1_FINREP_3_0-Ind_2,,X,,EBA_FINREP_EBA_F_04.03.1_FINREP_3.0-Ind_2,,,
EBA_FINREP_EBA_F_04_03_1_FINREP_3_0-Ind_3,,Y,,EBA_FINREP_EBA_F_04.03.1_FINREP_3.0-Ind_3,,,
EBA_FINREP_EBA_F_04_03_FINREP_1,,X,,EBA_FINREP_EBA_F_04.03_FINREP_1,,,
EBA_FINREP_EBA_F_04_03_FINREP_2,,Y,,EBA_FINREP_EBA_F_04.03_FINREP_2,,,
EBA_FINREP_EBA_F_04_04_1_FINREP_2017-A_2,,X,,EBA_FINREP_EBA_F_04.04.1_FINREP_2017-A_2,,,
EBA_FINREP_EBA_F_04_04_1_FINREP_2017-A_3,,Y,,EBA_FINREP_EBA_F_04.04.1_FINREP_2017-A_3,,,
EBA_FINREP_EBA_F_04_04_1_FINREP_2_9_2,,X,,EBA_FINREP_EBA_F_04.04.1_FINREP_2.9_2,,,
EBA_FINREP_EBA_F_04_04_1_FINREP_2_9_3,,Y,,EBA_FINREP_EBA_F_04.04.1_FINREP_2.9_3,,,
EBA_FINREP_EBA_F_04_04_1_FINREP_3_0-Ind_2,,X,,EBA_FINREP_EBA_F_04.04.1_FINREP_3.0-Ind_2,,,
EBA_FINREP_EBA_F_04_04_1_FINREP_3_0-Ind_3,,Y,,EBA_FINREP_EBA_F_04.04.1_FINREP_3.0-Ind_3,,,
EBA_FINREP_EBA_F_04_04_FINREP_2015-A_1,,X,,EBA_FINREP_EBA_F_04.04_FINREP_2015-A_1,,,
EBA_FINREP_EBA_F_04_04_FINREP_2015-A_2,,Y,,EBA_FINREP_EBA_F_04.04_FINREP_2015-A_2,,,
EBA_FINREP_EBA_F_04_05_FINREP_1,,X,,EBA_FINREP_EBA_F_04.05_FINREP_1,,,
EBA_FINREP_EBA_F_04_05_FINREP_2,,Y,,EBA_FINREP_EBA_F_04.05_FINREP_2,,,
EBA_FINREP_EBA_F_04_05_FINREP_2017-A_1,,X,,EBA_FINREP_EBA_F_04.05_FINREP_2017-A_1,,,
EBA_FINREP_EBA_F_04_05_FINREP_2017-A_2,,Y,,EBA_FINREP_EBA_F_04.05_FINREP_2017-A_2,,,
EBA_FINREP_EBA_F_04_05_FINREP_3_0-Ind_1,,X,,EBA_FINREP_EBA_F_04.05_FINREP_3.0-Ind_1,,,
EBA_FINREP_EBA_F_04_05_FINREP_3_0-Ind_2,,Y,,EBA_FINREP_EBA_F_04.05_FINREP_3.0-Ind_2,,,
EBA_FINREP_EBA_F_04_06_FINREP_1,,X,,EBA_FINREP_EBA_F_04.06_FINREP_1,,,
EBA_FINREP_EBA_F_04_06_FINREP_2,,Y,,EBA_FINREP_EBA_F_04.06_FINREP_2,,,
EBA_FINREP_EBA_F_04_06_FINREP_2017-A_1,,X,,EBA_FINREP_EBA_F_04.06_FINREP_2017-A_1,,,
EBA_FINREP_EBA_F_04_06_FINREP_2017-A_2,,Y,,EBA_FINREP_EBA_F_04.06_FINREP_2017-A_2,,,
EBA_FINREP_EBA_F_04_06_FINREP_3_0-Ind_1,,X,,EBA_FINREP_EBA_F_04.06_FINREP_3.0-Ind_1,,,
EBA_FINREP_EBA_F_04_06_FINREP_3_0-Ind_2,,Y,,EBA_FINREP_EBA_F_04.06_FINREP_3.0-Ind_2,,,
EBA_FINREP_EBA_F_04_07_FINREP_1,,X,,EBA_FINREP_EBA_F_04.07_FINREP_1,,,
EBA_FINREP_EBA_F_04_07_FINREP_2,,Y,,EBA_FINREP_EBA_F_04.07_FINREP_2,,,
EBA_FINREP_EBA_F_04_07_FINREP_2017-A_1,,X,,EBA_FINREP_EBA_F_04.07_FINREP_2017-A_1,,,
EBA_FINREP_EBA_F_04_07_FINREP_2017-A_2,,Y,,EBA_FINREP_EBA_F_04.07_FINREP_2017-A_2,,,
EBA_FINREP_EBA_F_04_07_FINREP_3_0-Ind_1,,X,,EBA_FINREP_EBA_F_04.07_FINREP_3.0-Ind_1,,,
EBA_FINREP_EBA_F_04_07_FINREP_3_0-Ind_2,,Y,,EBA_FINREP_EBA_F_04.07_FINREP_3.0-Ind_2,,,
EBA_FINREP_EBA_F_04_08_FINREP_1,,X,,EBA_FINREP_EBA_F_04.08_FINREP_1,,,
EBA_FINREP_EBA_F_04_08_FINREP_2,,Y,,EBA_FINREP_EBA_F_04.08_FINREP_2,,,
EBA_FINREP_EBA_F_04_08_FINREP_2017-A_1,,X,,EBA_FINREP_EBA_F_04.08_FINREP_2017-A_1,,,
EBA_FINREP_EBA_F_04_08_FINREP_2017-A_2,,Y,,EBA_FINREP_EBA_F_04.08_FINREP_2017-A_2,,,
EBA_FINREP_EBA_F_04_08_FINREP_2_9_1,,X,,EBA_FINREP_EBA_F_04.08_FINREP_2.9_1,,,
EBA_FINREP_EBA_F_04_08_FINREP_2_9_2,,Y,,EBA_FINREP_EBA_F_04.08_FINREP_2.9_2,,,
EBA_FINREP_EBA_F_04_08_FINREP_3_0-Ind_1,,X,,EBA_FINREP_EBA_F_04.08_FINREP_3.0-Ind_1,,,
EBA_FINREP_EBA_F_04_08_FINREP_3_0-Ind_2,,Y,,EBA_FINREP_EBA_F_04.08_FINREP_3.0-Ind_2,,,
EBA_FINREP_EBA_F_04_09_FINREP_2016-A_1,,X,,EBA_FINREP_EBA_F_04.09_FINREP_2016-A_1,,,
EBA_FINREP_EBA_F_04_09_FINREP_2016-A_2,,Y,,EBA_FINREP_EBA_F_04.09_FINREP_2016-A_2,,,
EBA_FINREP_EBA_F_04_09_FINREP_2017-A_1,,X,,EBA_FINREP_EBA_F_04.09_FINREP_2017-A_1,,,
EBA_FINREP_EBA_F_04_09_FINREP_2017-A_2,,Y,,EBA_FINREP_EBA_F_04.09_FINREP_2017-A_2,,,
EBA_FINREP_EBA_F_04_09_FINREP_2_9_1,,X,,EBA_FINREP_EBA_F_04.09_FINREP_2.9_1,,,
EBA_FINREP_EBA_F_04_09_FINREP_2_9_2,,Y,,EBA_FINREP_EBA_F_04.09_FINREP_2.9_2,,,
EBA_FINREP_EBA_F_04_09_FINREP_3_0-Ind_1,,X,,EBA_FINREP_EBA_F_04.09_FINREP_3.0-Ind_1,,,
EBA_FINREP_EBA_F_04_09_FINREP_3_0-Ind_2,,Y,,EBA_FINREP_EBA_F_04.09_FINREP_3.0-Ind_2,,,
EBA_FINREP_EBA_F_04_10_FINREP_1,,X,,EBA_FINREP_EBA_F_04.10_FINREP_1,,,
EBA_FINREP_EBA_F_04_10_FINREP_2,,Y,,EBA_FINREP_EBA_F_04.10_FINREP_2,,,
EBA_FINREP_EBA_F_04_10_FINREP_2017-A_1,,X,,EBA_FINREP_EBA_F_04.10_FINREP_2017-A_1,,,
EBA_FINREP_EBA_F_04_10_FINREP_2017-A_2,,Y,,EBA_FINREP_EBA_F_04.10_FINREP_2017-A_2,,,
EBA_FINREP_EBA_F_04_10_FINREP_2_9_1,,X,,EBA_FINREP_EBA_F_04.10_FINREP_2.9_1,,,
EBA_FINREP_EBA_F_04_10_FINREP_2_9_2,,Y,,EBA_FINREP_EBA_F_04.10_FINREP_2.9_2,,,
EBA_FINREP_EBA_F_04_10_FINREP_3_0-Ind_1,,X,,EBA_FINREP_EBA_F_04.10_FINREP_3.0-Ind_1,,,
EBA_FINREP_EBA_F_04_10_FINREP_3_0-Ind_2,,Y,,EBA_FINREP_EBA_F_04.10_FINREP_3.0-Ind_2,,,
EBA_FINREP_EBA_F_05_00_FINREP_2015-A_1,,X,,EBA_FINREP_EBA_F_05.00_FINREP_2015-A_1,,,
EBA_FINREP_EBA_F_05_00_FINREP_2015-A_2,,Y,,EBA_FINREP_EBA_F_05.00_FINREP_2015-A_2,,,
EBA_FINREP_EBA_F_05_01_FINREP_2017-A_2,,X,,EBA_FINREP_EBA_F_05.01_FINREP_2017-A_2,,,
EBA_FINREP_EBA_F_05_01_FINREP_2017-A_3,,Y,,EBA_FINREP_EBA_F_05.01_FINREP_2017-A_3,,,
EBA_FINREP_EBA_F_05_01_FINREP_2_8_2,,X,,EBA_FINREP_EBA_F_05.01_FINREP_2.8_2,,,
EBA_FINREP_EBA_F_05_01_FINREP_2_8_3,,Y,,EBA_FINREP_EBA_F_05.01_FINREP_2.8_3,,,
EBA_FINREP_EBA_F_05_01_FINREP_3_0-Ind_2,,X,,EBA_FINREP_EBA_F_05.01_FINREP_3.0-Ind_2,,,
EBA_FINREP_EBA_F_05_01_FINREP_3_0-Ind_3,,Y,,EBA_FINREP_EBA_F_05.01_FINREP_3.0-Ind_3,,,
EBA_FINREP_EBA_F_06_00_FINREP_2016-A_1,,X,,EBA_FINREP_EBA_F_06.00_FINREP_2016-A_1,,,
EBA_FINREP_EBA_F_06_00_FINREP_2016-A_2,,Y,,EBA_FINREP_EBA_F_06.00_FINREP_2016-A_2,,,
EBA_FINREP_EBA_F_06_01_FINREP_2017-A_1,,X,,EBA_FINREP_EBA_F_06.01_FINREP_2017-A_1,,,
EBA_FINREP_EBA_F_06_01_FINREP_2017-A_2,,Y,,EBA_FINREP_EBA_F_06.01_FINREP_2017-A_2,,,
EBA_FINREP_EBA_F_06_01_FINREP_2_9_1,,X,,EBA_FINREP_EBA_F_06.01_FINREP_2.9_1,,,
EBA_FINREP_EBA_F_06_01_FINREP_2_9_2,,Y,,EBA_FINREP_EBA_F_06.01_FINREP_2.9_2,,,
EBA_FINREP_EBA_F_06_01_FINREP_3_0-Ind_1,,X,,EBA_FINREP_EBA_F_06.01_FINREP_3.0-Ind_1,,,
EBA_FINREP_EBA_F_06_01_FINREP_3_0-Ind_2,,Y,,EBA_FINREP_EBA_F_06.01_FINREP_3.0-Ind_2,,,
EBA_FINREP_EBA_F_07_00_FINREP_2015-A_1,,X,,EBA_FINREP_EBA_F_07.00_FINREP_2015-A_1,,,
EBA_FINREP_EBA_F_07_00_FINREP_2015-A_2,,Y,,EBA_FINREP_EBA_F_07.00_FINREP_2015-A_2,,,
EBA_FINREP_EBA_F_07_01_FINREP_2017-A_2,,X,,EBA_FINREP_EBA_F_07.01_FINREP_2017-A_2,,,
EBA_FINREP_EBA_F_07_01_FINREP_2017-A_3,,Y,,EBA_FINREP_EBA_F_07.01_FINREP_2017-A_3,,,
EBA_FINREP_EBA_F_07_01_FINREP_2_8_2,,X,,EBA_FINREP_EBA_F_07.01_FINREP_2.8_2,,,
EBA_FINREP_EBA_F_07_01_FINREP_2_8_3,,Y,,EBA_FINREP_EBA_F_07.01_FINREP_2.8_3,,,
EBA_FINREP_EBA_F_07_01_FINREP_3_0-Ind_2,,X,,EBA_FINREP_EBA_F_07.01_FINREP_3.0-Ind_2,,,
EBA_FINREP_EBA_F_07_01_FINREP_3_0-Ind_3,,Y,,EBA_FINREP_EBA_F_07.01_FINREP_3.0-Ind_3,,,
EBA_FINREP_EBA_F_07_02_FINREP_2017-A_2,,X,,EBA_FINREP_EBA_F_07.02_FINREP_2017-A_2,,,
EBA_FINREP_EBA_F_07_02_FINREP_2017-A_3,,Y,,EBA_FINREP_EBA_F_07.02_FINREP_2017-A_3,,,
EBA_FINREP_EBA_F_07_02_FINREP_2_8_2,,X,,EBA_FINREP_EBA_F_07.02_FINREP_2.8_2,,,
EBA_FINREP_EBA_F_07_02_FINREP_2_8_3,,Y,,EBA_FINREP_EBA_F_07.02_FINREP_2.8_3,,,
EBA_FINREP_EBA_F_07_02_FINREP_3_0-Ind_2,,X,,EBA_FINREP_EBA_F_07.02_FINREP_3.0-Ind_2,,,
EBA_FINREP_EBA_F_07_02_FINREP_3_0-Ind_3,,Y,,EBA_FINREP_EBA_F_07.02_FINREP_3.0-Ind_3,,,
EBA_FINREP_EBA_F_08_01_a_FINREP_2014-03_1,,X,,EBA_FINREP_EBA_F_08.01.a_FINREP_2014-03_1,,,
EBA_FINREP_EBA_F_08_01_a_FINREP_2014-03_2,,Y,,EBA_FINREP_EBA_F_08.01.a_FINREP_2014-03_2,,,
EBA_FINREP_EBA_F_08_01_a_FINREP_2017-A_1,,X,,EBA_FINREP_EBA_F_08.01.a_FINREP_2017-A_1,,,
EBA_FINREP_EBA_F_08_01_a_FINREP_2017-A_2,,Y,,EBA_FINREP_EBA_F_08.01.a_FINREP_2017-A_2,,,
EBA_FINREP_EBA_F_08_01_a_FINREP_2_9_1,,X,,EBA_FINREP_EBA_F_08.01.a_FINREP_2.9_1,,,
EBA_FINREP_EBA_F_08_01_a_FINREP_2_9_2,,Y,,EBA_FINREP_EBA_F_08.01.a_FINREP_2.9_2,,,
EBA_FINREP_EBA_F_08_01_a_FINREP_3_0-Ind_1,,X,,EBA_FINREP_EBA_F_08.01.a_FINREP_3.0-Ind_1,,,
EBA_FINREP_EBA_F_08_01_a_FINREP_3_0-Ind_2,,Y,,EBA_FINREP_EBA_F_08.01.a_FINREP_3.0-Ind_2,,,
EBA_FINREP_EBA_F_08_01_b_FINREP_2014-03_1,,X,,EBA_FINREP_EBA_F_08.01.b_FINREP_2014-03_1,,,
EBA_FINREP_EBA_F_08_01_b_FINREP_2014-03_2,,Y,,EBA_FINREP_EBA_F_08.01.b_FINREP_2014-03_2,,,
EBA_FINREP_EBA_F_08_01_b_FINREP_2017-A_1,,X,,EBA_FINREP_EBA_F_08.01.b_FINREP_2017-A_1,,,
EBA_FINREP_EBA_F_08_01_b_FINREP_2017-A_2,,Y,,EBA_FINREP_EBA_F_08.01.b_FINREP_2017-A_2,,,
EBA_FINREP_EBA_F_08_01_b_FINREP_3_0-Ind_1,,X,,EBA_FINREP_EBA_F_08.01.b_FINREP_3.0-Ind_1,,,
EBA_FINREP_EBA_F_08_01_b_FINREP_3_0-Ind_2,,Y,,EBA_FINREP_EBA_F_08.01.b_FINREP_3.0-Ind_2,,,
EBA_FINREP_EBA_F_08_02_FINREP_1,,X,,EBA_FINREP_EBA_F_08.02_FINREP_1,,,
EBA_FINREP_EBA_F_08_02_FINREP_2,,Y,,EBA_FINREP_EBA_F_08.02_FINREP_2,,,
EBA_FINREP_EBA_F_08_02_FINREP_2017-A_1,,X,,EBA_FINREP_EBA_F_08.02_FINREP_2017-A_1,,,
EBA_FINREP_EBA_F_08_02_FINREP_2017-A_2,,Y,,EBA_FINREP_EBA_F_08.02_FINREP_2017-A_2,,,
EBA_FINREP_EBA_F_08_02_FINREP_2_8_1,,X,,EBA_FINREP_EBA_F_08.02_FINREP_2.8_1,,,
EBA_FINREP_EBA_F_08_02_FINREP_2_8_2,,Y,,EBA_FINREP_EBA_F_08.02_FINREP_2.8_2,,,
EBA_FINREP_EBA_F_08_02_FINREP_3_0-Ind_1,,X,,EBA_FINREP_EBA_F_08.02_FINREP_3.0-Ind_1,,,
EBA_FINREP_EBA_F_08_02_FINREP_3_0-Ind_2,,Y,,EBA_FINREP_EBA_F_08.02_FINREP_3.0-Ind_2,,,
EBA_FINREP_EBA_F_09_01_1_FINREP_2017-A_2,,X,,EBA_FINREP_EBA_F_09.01.1_FINREP_2017-A_2,,,
EBA_FINREP_EBA_F_09_01_1_FINREP_2017-A_3,,Y,,EBA_FINREP_EBA_F_09.01.1_FINREP_2017-A_3,,,
EBA_FINREP_EBA_F_09_01_1_FINREP_3_0-Ind_2,,X,,EBA_FINREP_EBA_F_09.01.1_FINREP_3.0-Ind_2,,,
EBA_FINREP_EBA_F_09_01_1_FINREP_3_0-Ind_3,,Y,,EBA_FINREP_EBA_F_09.01.1_FINREP_3.0-Ind_3,,,
EBA_FINREP_EBA_F_09_01_FINREP_2015-A_1,,X,,EBA_FINREP_EBA_F_09.01_FINREP_2015-A_1,,,
EBA_FINREP_EBA_F_09_01_FINREP_2015-A_2,,Y,,EBA_FINREP_EBA_F_09.01_FINREP_2015-A_2,,,
EBA_FINREP_EBA_F_09_01_FINREP_2017-A_1,,X,,EBA_FINREP_EBA_F_09.01_FINREP_2017-A_1,,,
EBA_FINREP_EBA_F_09_01_FINREP_2017-A_2,,Y,,EBA_FINREP_EBA_F_09.01_FINREP_2017-A_2,,,
EBA_FINREP_EBA_F_09_01_FINREP_3_0-Ind_1,,X,,EBA_FINREP_EBA_F_09.01_FINREP_3.0-Ind_1,,,
EBA_FINREP_EBA_F_09_01_FINREP_3_0-Ind_2,,Y,,EBA_FINREP_EBA_F_09.01_FINREP_3.0-Ind_2,,,
EBA_FINREP_EBA_F_09_02_FINREP_1,,X,,EBA_FINREP_EBA_F_09.02_FINREP_1,,,
EBA_FINREP_EBA_F_09_02_FINREP_2,,Y,,EBA_FINREP_EBA_F_09.02_FINREP_2,,,
EBA_FINREP_EBA_F_09_02_FINREP_2017-A_1,,X,,EBA_FINREP_EBA_F_09.02_FINREP_2017-A_1,,,
EBA_FINREP_EBA_F_09_02_FINREP_2017-A_2,,Y,,EBA_FINREP_EBA_F_09.02_FINREP_2017-A_2,,,
EBA_FINREP_EBA_F_09_02_FINREP_3_0-Ind_1,,X,,EBA_FINREP_EBA_F_09.02_FINREP_3.0-Ind_1,,,
EBA_FINREP_EBA_F_09_02_FINREP_3_0-Ind_2,,Y,,EBA_FINREP_EBA_F_09.02_FINREP_3.0-Ind_2,,,
EBA_FINREP_EBA_F_10_00_FINREP_2016-A_1,,X,,EBA_FINREP_EBA_F_10.00_FINREP_2016-A_1,,,
EBA_FINREP_EBA_F_10_00_FINREP_2016-A_2,,Y,,EBA_FINREP_EBA_F_10.00_FINREP_2016-A_2,,,
EBA_FINREP_EBA_F_10_00_FINREP_2017-A_1,,X,,EBA_FINREP_EBA_F_10.00_FINREP_2017-A_1,,,
EBA_FINREP_EBA_F_10_00_FINREP_2017-A_2,,Y,,EBA_FINREP_EBA_F_10.00_FINREP_2017-A_2,,,
EBA_FINREP_EBA_F_10_00_FINREP_3_0-Ind_1,,X,,EBA_FINREP_EBA_F_10.00_FINREP_3.0-Ind_1,,,
EBA_FINREP_EBA_F_10_00_FINREP_3_0-Ind_2,,Y,,EBA_FINREP_EBA_F_10.00_FINREP_3.0-Ind_2,,,
EBA_FINREP_EBA_F_11_01_FINREP_1,,X,,EBA_FINREP_EBA_F_11.01_FINREP_1,,,
EBA_FINREP_EBA_F_11_01_FINREP_2,,Y,,EBA_FINREP_EBA_F_11.01_FINREP_2,,,
EBA_FINREP_EBA_F_11_01_FINREP_2017-A_1,,X,,EBA_FINREP_EBA_F_11.01_FINREP_2017-A_1,,,
EBA_FINREP_EBA_F_11_01_FINREP_2017-A_2,,Y,,EBA_FINREP_EBA_F_11.01_FINREP_2017-A_2,,,
EBA_FINREP_EBA_F_11_01_FINREP_3_0-Ind_1,,X,,EBA_FINREP_EBA_F_11.01_FINREP_3.0-Ind_1,,,
EBA_FINREP_EBA_F_11_01_FINREP_3_0-Ind_2,,Y,,EBA_FINREP_EBA_F_11.01_FINREP_3.0-Ind_2,,,
EBA_FINREP_EBA_F_11_02_FINREP_2016-A_1,,X,,EBA_FINREP_EBA_F_11.02_FINREP_2016-A_1,,,
EBA_FINREP_EBA_F_11_02_FINREP_2016-A_2,,Y,,EBA_FINREP_EBA_F_11.02_FINREP_2016-A_2,,,
EBA_FINREP_EBA_F_11_02_FINREP_2017-A_1,,X,,EBA_FINREP_EBA_F_11.02_FINREP_2017-A_1,,,
EBA_FINREP_EBA_F_11_02_FINREP_2017-A_2,,Y,,EBA_FINREP_EBA_F_11.02_FINREP_2017-A_2,,,
EBA_FINREP_EBA_F_11_02_FINREP_3_0-Ind_1,,X,,EBA_FINREP_EBA_F_11.02_FINREP_3.0-Ind_1,,,
EBA_FINREP_EBA_F_11_02_FINREP_3_0-Ind_2,,Y,,EBA_FINREP_EBA_F_11.02_FINREP_3.0-Ind_2,,,
EBA_FINREP_EBA_F_11_03_1_FINREP_2017-A_2,,X,,EBA_FINREP_EBA_F_11.03.1_FINREP_2017-A_2,,,
EBA_FINREP_EBA_F_11_03_1_FINREP_2017-A_3,,Y,,EBA_FINREP_EBA_F_11.03.1_FINREP_2017-A_3,,,
EBA_FINREP_EBA_F_11_03_1_FINREP_3_0-Ind_2,,X,,EBA_FINREP_EBA_F_11.03.1_FINREP_3.0-Ind_2,,,
EBA_FINREP_EBA_F_11_03_1_FINREP_3_0-Ind_3,,Y,,EBA_FINREP_EBA_F_11.03.1_FINREP_3.0-Ind_3,,,
EBA_FINREP_EBA_F_11_03_FINREP_2017-A_2,,X,,EBA_FINREP_EBA_F_11.03_FINREP_2017-A_2,,,
EBA_FINREP_EBA_F_11_03_FINREP_2017-A_3,,Y,,EBA_FINREP_EBA_F_11.03_FINREP_2017-A_3,,,
EBA_FINREP_EBA_F_11_03_FINREP_3_0-Ind_2,,X,,EBA_FINREP_EBA_F_11.03_FINREP_3.0-Ind_2,,,
EBA_FINREP_EBA_F_11_03_FINREP_3_0-Ind_3,,Y,,EBA_FINREP_EBA_F_11.03_FINREP_3.0-Ind_3,,,
EBA_FINREP_EBA_F_11_04_FINREP_2017-A_2,,X,,EBA_FINREP_EBA_F_11.04_FINREP_2017-A_2,,,
EBA_FINREP_EBA_F_11_04_FINREP_2017-A_3,,Y,,EBA_FINREP_EBA_F_11.04_FINREP_2017-A_3,,,
EBA_FINREP_EBA_F_11_04_FINREP_3_0-Ind_2,,X,,EBA_FINREP_EBA_F_11.04_FINREP_3.0-Ind_2,,,
EBA_FINREP_EBA_F_11_04_FINREP_3_0-Ind_3,,Y,,EBA_FINREP_EBA_F_11.04_FINREP_3.0-Ind_3,,,
EBA_FINREP_EBA_F_12_00_FINREP_2015-A_1,,X,,EBA_FINREP_EBA_F_12.00_FINREP_2015-A_1,,,
EBA_FINREP_EBA_F_12_00_FINREP_2015-A_2,,Y,,EBA_FINREP_EBA_F_12.00_FINREP_2015-A_2,,,
EBA_FINREP_EBA_F_12_00_FINREP_2017-A_1,,X,,EBA_FINREP_EBA_F_12.00_FINREP_2017-A_1,,,
EBA_FINREP_EBA_F_12_00_FINREP_2017-A_2,,Y,,EBA_FINREP_EBA_F_12.00_FINREP_2017-A_2,,,
EBA_FINREP_EBA_F_12_00_FINREP_3_0-Ind_1,,X,,EBA_FINREP_EBA_F_12.00_FINREP_3.0-Ind_1,,,
EBA_FINREP_EBA_F_12_00_FINREP_3_0-Ind_2,,Y,,EBA_FINREP_EBA_F_12.00_FINREP_3.0-Ind_2,,,
EBA_FINREP_EBA_F_12_01_a_FINREP_2017-A_2,,X,,EBA_FINREP_EBA_F_12.01.a_FINREP_2017-A_2,,,
EBA_FINREP_EBA_F_12_01_a_FINREP_2017-A_3,,Y,,EBA_FINREP_EBA_F_12.01.a_FINREP_2017-A_3,,,
EBA_FINREP_EBA_F_12_01_a_FINREP_2_8_2,,X,,EBA_FINREP_EBA_F_12.01.a_FINREP_2.8_2,,,
EBA_FINREP_EBA_F_12_01_a_FINREP_2_8_3,,Y,,EBA_FINREP_EBA_F_12.01.a_FINREP_2.8_3,,,
EBA_FINREP_EBA_F_12_01_a_FINREP_2_9_2,,X,,EBA_FINREP_EBA_F_12.01.a_FINREP_2.9_2,,,
EBA_FINREP_EBA_F_12_01_a_FINREP_2_9_3,,Y,,EBA_FINREP_EBA_F_12.01.a_FINREP_2.9_3,,,
EBA_FINREP_EBA_F_12_01_a_FINREP_3_0-Ind_2,,X,,EBA_FINREP_EBA_F_12.01.a_FINREP_3.0-Ind_2,,,
EBA_FINREP_EBA_F_12_01_a_FINREP_3_0-Ind_3,,Y,,EBA_FINREP_EBA_F_12.01.a_FINREP_3.0-Ind_3,,,
EBA_FINREP_EBA_F_12_01_b_FINREP_2017-A_2,,X,,EBA_FINREP_EBA_F_12.01.b_FINREP_2017-A_2,,,
EBA_FINREP_EBA_F_12_01_b_FINREP_2017-A_3,,Y,,EBA_FINREP_EBA_F_12.01.b_FINREP_2017-A_3,,,
EBA_FINREP_EBA_F_12_01_b_FINREP_2_8_2,,X,,EBA_FINREP_EBA_F_12.01.b_FINREP_2.8_2,,,
EBA_FINREP_EBA_F_12_01_b_FINREP_2_8_3,,Y,,EBA_FINREP_EBA_F_12.01.b_FINREP_2.8_3,,,
EBA_FINREP_EBA_F_12_01_b_FINREP_3_0-Ind_2,,X,,EBA_FINREP_EBA_F_12.01.b_FINREP_3.0-Ind_2,,,
EBA_FINREP_EBA_F_12_01_b_FINREP_3_0-Ind_3,,Y,,EBA_FINREP_EBA_F_12.01.b_FINREP_3.0-Ind_3,,,
EBA_FINREP_EBA_F_12_02_FINREP_2017-A_2,,X,,EBA_FINREP_EBA_F_12.02_FINREP_2017-A_2,,,
EBA_FINREP_EBA_F_12_02_FINREP_2017-A_3,,Y,,EBA_FINREP_EBA_F_12.02_FINREP_2017-A_3,,,
EBA_FINREP_EBA_F_12_02_FINREP_3_0-Ind_2,,X,,EBA_FINREP_EBA_F_12.02_FINREP_3.0-Ind_2,,,
EBA_FINREP_EBA_F_12_02_FINREP_3_0-Ind_3,,Y,,EBA_FINREP_EBA_F_12.02_FINREP_3.0-Ind_3,,,
EBA_FINREP_EBA_F_13_01_FINREP_2015-A_1,,X,,EBA_FINREP_EBA_F_13.01_FINREP_2015-A_1,,,
EBA_FINREP_EBA_F_13_01_FINREP_2015-A_2,,Y,,EBA_FINREP_EBA_F_13.01_FINREP_2015-A_2,,,
EBA_FINREP_EBA_F_13_01_FINREP_2017-A_1,,X,,EBA_FINREP_EBA_F_13.01_FINREP_2017-A_1,,,
EBA_FINREP_EBA_F_13_01_FINREP_2017-A_2,,Y,,EBA_FINREP_EBA_F_13.01_FINREP_2017-A_2,,,
EBA_FINREP_EBA_F_13_01_FINREP_2_9_1,,X,,EBA_FINREP_EBA_F_13.01_FINREP_2.9_1,,,
EBA_FINREP_EBA_F_13_01_FINREP_2_9_2,,Y,,EBA_FINREP_EBA_F_13.01_FINREP_2.9_2,,,
EBA_FINREP_EBA_F_13_01_FINREP_3_0-Ind_1,,X,,EBA_FINREP_EBA_F_13.01_FINREP_3.0-Ind_1,,,
EBA_FINREP_EBA_F_13_01_FINREP_3_0-Ind_2,,Y,,EBA_FINREP_EBA_F_13.01_FINREP_3.0-Ind_2,,,
EBA_FINREP_EBA_F_13_02_1_a_FINREP_2_9_2,,X,,EBA_FINREP_EBA_F_13.02.1.a_FINREP_2.9_2,,,
EBA_FINREP_EBA_F_13_02_1_a_FINREP_2_9_3,,Y,,EBA_FINREP_EBA_F_13.02.1.a_FINREP_2.9_3,,,
EBA_FINREP_EBA_F_13_02_1_a_FINREP_3_0-Ind_2,,X,,EBA_FINREP_EBA_F_13.02.1.a_FINREP_3.0-Ind_2,,,
EBA_FINREP_EBA_F_13_02_1_a_FINREP_3_0-Ind_3,,Y,,EBA_FINREP_EBA_F_13.02.1.a_FINREP_3.0-Ind_3,,,
EBA_FINREP_EBA_F_13_02_1_b_FINREP_2_9_2,,X,,EBA_FINREP_EBA_F_13.02.1.b_FINREP_2.9_2,,,
EBA_FINREP_EBA_F_13_02_1_b_FINREP_2_9_3,,Y,,EBA_FINREP_EBA_F_13.02.1.b_FINREP_2.9_3,,,
EBA_FINREP_EBA_F_13_02_1_b_FINREP_3_0-Ind_2,,X,,EBA_FINREP_EBA_F_13.02.1.b_FINREP_3.0-Ind_2,,,
EBA_FINREP_EBA_F_13_02_1_b_FINREP_3_0-Ind_3,,Y,,EBA_FINREP_EBA_F_13.02.1.b_FINREP_3.0-Ind_3,,,
EBA_FINREP_EBA_F_13_02_FINREP_2016-A_1,,X,,EBA_FINREP_EBA_F_13.02_FINREP_2016-A_1,,,
EBA_FINREP_EBA_F_13_02_FINREP_2016-A_2,,Y,,EBA_FINREP_EBA_F_13.02_FINREP_2016-A_2,,,
EBA_FINREP_EBA_F_13_02_FINREP_2017-A_1,,X,,EBA_FINREP_EBA_F_13.02_FINREP_2017-A_1,,,
EBA_FINREP_EBA_F_13_02_FINREP_2017-A_2,,Y,,EBA_FINREP_EBA_F_13.02_FINREP_2017-A_2,,,
EBA_FINREP_EBA_F_13_03_1_a_FINREP_2_9_2,,X,,EBA_FINREP_EBA_F_13.03.1.a_FINREP_2.9_2,,,
EBA_FINREP_EBA_F_13_03_1_a_FINREP_2_9_3,,Y,,EBA_FINREP_EBA_F_13.03.1.a_FINREP_2.9_3,,,
EBA_FINREP_EBA_F_13_03_1_a_FINREP_3_0-Ind_2,,X,,EBA_FINREP_EBA_F_13.03.1.a_FINREP_3.0-Ind_2,,,
EBA_FINREP_EBA_F_13_03_1_a_FINREP_3_0-Ind_3,,Y,,EBA_FINREP_EBA_F_13.03.1.a_FINREP_3.0-Ind_3,,,
EBA_FINREP_EBA_F_13_03_1_b_FINREP_2_9_2,,X,,EBA_FINREP_EBA_F_13.03.1.b_FINREP_2.9_2,,,
EBA_FINREP_EBA_F_13_03_1_b_FINREP_2_9_3,,Y,,EBA_FINREP_EBA_F_13.03.1.b_FINREP_2.9_3,,,
EBA_FINREP_EBA_F_13_03_1_b_FINREP_3_0-Ind_2,,X,,EBA_FINREP_EBA_F_13.03.1.b_FINREP_3.0-Ind_2,,,
EBA_FINREP_EBA_F_13_03_1_b_FINREP_3_0-Ind_3,,Y,,EBA_FINREP_EBA_F_13.03.1.b_FINREP_3.0-Ind_3,,,
EBA_FINREP_EBA_F_13_03_FINREP_1,,X,,EBA_FINREP_EBA_F_13.03_FINREP_1,,,
EBA_FINREP_EBA_F_13_03_FINREP_2,,Y,,EBA_FINREP_EBA_F_13.03_FINREP_2,,,
EBA_FINREP_EBA_F_13_03_FINREP_2017-A_1,,X,,EBA_FINREP_EBA_F_13.03_FINREP_2017-A_1,,,
EBA_FINREP_EBA_F_13_03_FINREP_2017-A_2,,Y,,EBA_FINREP_EBA_F_13.03_FINREP_2017-A_2,,,
EBA_FINREP_EBA_F_14_00_FINREP_1,,X,,EBA_FINREP_EBA_F_14.00_FINREP_1,,,
EBA_FINREP_EBA_F_14_00_FINREP_2,,Y,,EBA_FINREP_EBA_F_14.00_FINREP_2,,,
EBA_FINREP_EBA_F_14_00_FINREP_2017-A_1,,X,,EBA_FINREP_EBA_F_14.00_FINREP_2017-A_1,,,
EBA_FINREP_EBA_F_14_00_FINREP_2017-A_2,,Y,,EBA_FINREP_EBA_F_14.00_FINREP_2017-A_2,,,
EBA_FINREP_EBA_F_14_00_FINREP_3_0-Ind_1,,X,,EBA_FINREP_EBA_F_14.00_FINREP_3.0-Ind_1,,,
EBA_FINREP_EBA_F_14_00_FINREP_3_0-Ind_2,,Y,,EBA_FINREP_EBA_F_14.00_FINREP_3.0-Ind_2,,,
EBA_FINREP_EBA_F_15_00_a_FINREP_2016-A_1,,X,,EBA_FINREP_EBA_F_15.00.a_FINREP_2016-A_1,,,
EBA_FINREP_EBA_F_15_00_a_FINREP_2016-A_2,,Y,,EBA_FINREP_EBA_F_15.00.a_FINREP_2016-A_2,,,
EBA_FINREP_EBA_F_15_00_a_FINREP_2017-A_1,,X,,EBA_FINREP_EBA_F_15.00.a_FINREP_2017-A_1,,,
EBA_FINREP_EBA_F_15_00_a_FINREP_2017-A_2,,Y,,EBA_FINREP_EBA_F_15.00.a_FINREP_2017-A_2,,,
EBA_FINREP_EBA_F_15_00_a_FINREP_3_0-Ind_1,,X,,EBA_FINREP_EBA_F_15.00.a_FINREP_3.0-Ind_1,,,
EBA_FINREP_EBA_F_15_00_a_FINREP_3_0-Ind_2,,Y,,EBA_FINREP_EBA_F_15.00.a_FINREP_3.0-Ind_2,,,
EBA_FINREP_EBA_F_15_00_b_FINREP_2016-A_1,,X,,EBA_FINREP_EBA_F_15.00.b_FINREP_2016-A_1,,,
EBA_FINREP_EBA_F_15_00_b_FINREP_2016-A_2,,Y,,EBA_FINREP_EBA_F_15.00.b_FINREP_2016-A_2,,,
EBA_FINREP_EBA_F_15_00_b_FINREP_2017-A_1,,X,,EBA_FINREP_EBA_F_15.00.b_FINREP_2017-A_1,,,
EBA_FINREP_EBA_F_15_00_b_FINREP_2017-A_2,,Y,,EBA_FINREP_EBA_F_15.00.b_FINREP_2017-A_2,,,
EBA_FINREP_EBA_F_15_00_b_FINREP_3_0-Ind_1,,X,,EBA_FINREP_EBA_F_15.00.b_FINREP_3.0-Ind_1,,,
EBA_FINREP_EBA_F_15_00_b_FINREP_3_0-Ind_2,,Y,,EBA_FINREP_EBA_F_15.00.b_FINREP_3.0-Ind_2,,,
EBA_FINREP_EBA_F_16_01_FINREP_2017-A_1,,X,,EBA_FINREP_EBA_F_16.01_FINREP_2017-A_1,,,
EBA_FINREP_EBA_F_16_01_FINREP_2017-A_2,,Y,,EBA_FINREP_EBA_F_16.01_FINREP_2017-A_2,,,
EBA_FINREP_EBA_F_16_01_FINREP_2_9_1,,X,,EBA_FINREP_EBA_F_16.01_FINREP_2.9_1,,,
EBA_FINREP_EBA_F_16_01_FINREP_2_9_2,,Y,,EBA_FINREP_EBA_F_16.01_FINREP_2.9_2,,,
EBA_FINREP_EBA_F_16_01_FINREP_3_0-Ind_1,,X,,EBA_FINREP_EBA_F_16.01_FINREP_3.0-Ind_1,,,
EBA_FINREP_EBA_F_16_01_FINREP_3_0-Ind_2,,Y,,EBA_FINREP_EBA_F_16.01_FINREP_3.0-Ind_2,,,
EBA_FINREP_EBA_F_16_01_a_FINREP_2016-A_1,,X,,EBA_FINREP_EBA_F_16.01.a_FINREP_2016-A_1,,,
EBA_FINREP_EBA_F_16_01_a_FINREP_2016-A_2,,Y,,EBA_FINREP_EBA_F_16.01.a_FINREP_2016-A_2,,,
EBA_FINREP_EBA_F_16_01_b_FINREP_1,,X,,EBA_FINREP_EBA_F_16.01.b_FINREP_1,,,
EBA_FINREP_EBA_F_16_01_b_FINREP_2,,Y,,EBA_FINREP_EBA_F_16.01.b_FINREP_2,,,
EBA_FINREP_EBA_F_16_02_FINREP_1,,X,,EBA_FINREP_EBA_F_16.02_FINREP_1,,,
EBA_FINREP_EBA_F_16_02_FINREP_2,,Y,,EBA_FINREP_EBA_F_16.02_FINREP_2,,,
EBA_FINREP_EBA_F_16_02_FINREP_2017-A_1,,X,,EBA_FINREP_EBA_F_16.02_FINREP_2017-A_1,,,
EBA_FINREP_EBA_F_16_02_FINREP_2017-A_2,,Y,,EBA_FINREP_EBA_F_16.02_FINREP_2017-A_2,,,
EBA_FINREP_EBA_F_16_02_FINREP_3_0-Ind_1,,X,,EBA_FINREP_EBA_F_16.02_FINREP_3.0-Ind_1,,,
EBA_FINREP_EBA_F_16_02_FINREP_3_0-Ind_2,,Y,,EBA_FINREP_EBA_F_16.02_FINREP_3.0-Ind_2,,,
EBA_FINREP_EBA_F_16_03_FINREP_1,,X,,EBA_FINREP_EBA_F_16.03_FINREP_1,,,
EBA_FINREP_EBA_F_16_03_FINREP_2,,Y,,EBA_FINREP_EBA_F_16.03_FINREP_2,,,
EBA_FINREP_EBA_F_16_03_FINREP_2017-A_1,,X,,EBA_FINREP_EBA_F_16.03_FINREP_2017-A_1,,,
EBA_FINREP_EBA_F_16_03_FINREP_2017-A_2,,Y,,EBA_FINREP_EBA_F_16.03_FINREP_2017-A_2,,,
EBA_FINREP_EBA_F_16_03_FINREP_3_0-Ind_1,,X,,EBA_FINREP_EBA_F_16.03_FINREP_3.0-Ind_1,,,
EBA_FINREP_EBA_F_16_03_FINREP_3_0-Ind_2,,Y,,EBA_FINREP_EBA_F_16.03_FINREP_3.0-Ind_2,,,
EBA_FINREP_EBA_F_16_04_1_FINREP_2017-A_2,,X,,EBA_FINREP_EBA_F_16.04.1_FINREP_2017-A_2,,,
EBA_FINREP_EBA_F_16_04_1_FINREP_2017-A_3,,Y,,EBA_FINREP_EBA_F_16.04.1_FINREP_2017-A_3,,,
EBA_FINREP_EBA_F_16_04_1_FINREP_3_0-Ind_2,,X,,EBA_FINREP_EBA_F_16.04.1_FINREP_3.0-Ind_2,,,
EBA_FINREP_EBA_F_16_04_1_FINREP_3_0-Ind_3,,Y,,EBA_FINREP_EBA_F_16.04.1_FINREP_3.0-Ind_3,,,
EBA_FINREP_EBA_F_16_04_FINREP_1,,X,,EBA_FINREP_EBA_F_16.04_FINREP_1,,,
EBA_FINREP_EBA_F_16_04_FINREP_2,,Y,,EBA_FINREP_EBA_F_16.04_FINREP_2,,,
EBA_FINREP_EBA_F_16_04_FINREP_2017-A_1,,X,,EBA_FINREP_EBA_F_16.04_FINREP_2017-A_1,,,
EBA_FINREP_EBA_F_16_04_FINREP_2017-A_2,,Y,,EBA_FINREP_EBA_F_16.04_FINREP_2017-A_2,,,
EBA_FINREP_EBA_F_16_04_FINREP_3_0-Ind_1,,X,,EBA_FINREP_EBA_F_16.04_FINREP_3.0-Ind_1,,,
EBA_FINREP_EBA_F_16_04_FINREP_3_0-Ind_2,,Y,,EBA_FINREP_EBA_F_16.04_FINREP_3.0-Ind_2,,,
EBA_FINREP_EBA_F_16_05_FINREP_1,,X,,EBA_FINREP_EBA_F_16.05_FINREP_1,,,
EBA_FINREP_EBA_F_16_05_FINREP_2,,Y,,EBA_FINREP_EBA_F_16.05_FINREP_2,,,
EBA_FINREP_EBA_F_16_05_FINREP_2017-A_1,,X,,EBA_FINREP_EBA_F_16.05_FINREP_2017-A_1,,,
EBA_FINREP_EBA_F_16_05_FINREP_2017-A_2,,Y,,EBA_FINREP_EBA_F_16.05_FINREP_2017-A_2,,,
EBA_FINREP_EBA_F_16_05_FINREP_3_0-Ind_1,,X,,EBA_FINREP_EBA_F_16.05_FINREP_3.0-Ind_1,,,
EBA_FINREP_EBA_F_16_05_FINREP_3_0-Ind_2,,Y,,EBA_FINREP_EBA_F_16.05_FINREP_3.0-Ind_2,,,
EBA_FINREP_EBA_F_16_06_FINREP_1,,X,,EBA_FINREP_EBA_F_16.06_FINREP_1,,,
EBA_FINREP_EBA_F_16_06_FINREP_2,,Y,,EBA_FINREP_EBA_F_16.06_FINREP_2,,,
EBA_FINREP_EBA_F_16_06_FINREP_2017-A_1,,X,,EBA_FINREP_EBA_F_16.06_FINREP_2017-A_1,,,
EBA_FINREP_EBA_F_16_06_FINREP_2017-A_2,,Y,,EBA_FINREP_EBA_F_16.06_FINREP_2017-A_2,,,
EBA_FINREP_EBA_F_16_06_FINREP_3_0-Ind_1,,X,,EBA_FINREP_EBA_F_16.06_FINREP_3.0-Ind_1,,,
EBA_FINREP_EBA_F_16_06_FINREP_3_0-Ind_2,,Y,,EBA_FINREP_EBA_F_16.06_FINREP_3.0-Ind_2,,,
EBA_FINREP_EBA_F_16_07_a_FINREP_2015-A_1,,X,,EBA_FINREP_EBA_F_16.07.a_FINREP_2015-A_1,,,
EBA_FINREP_EBA_F_16_07_a_FINREP_2015-A_2,,Y,,EBA_FINREP_EBA_F_16.07.a_FINREP_2015-A_2,,,
EBA_FINREP_EBA_F_16_07_a_FINREP_2017-A_1,,X,,EBA_FINREP_EBA_F_16.07.a_FINREP_2017-A_1,,,
EBA_FINREP_EBA_F_16_07_a_FINREP_2017-A_2,,Y,,EBA_FINREP_EBA_F_16.07.a_FINREP_2017-A_2,,,
EBA_FINREP_EBA_F_16_07_a_FINREP_3_0-Ind_1,,X,,EBA_FINREP_EBA_F_16.07.a_FINREP_3.0-Ind_1,,,
EBA_FINREP_EBA_F_16_07_a_FINREP_3_0-Ind_2,,Y,,EBA_FINREP_EBA_F_16.07.a_FINREP_3.0-Ind_2,,,
EBA_FINREP_EBA_F_16_07_b_FINREP_2015-A_1,,X,,EBA_FINREP_EBA_F_16.07.b_FINREP_2015-A_1,,,
EBA_FINREP_EBA_F_16_07_b_FINREP_2015-A_2,,Y,,EBA_FINREP_EBA_F_16.07.b_FINREP_2015-A_2,,,
EBA_FINREP_EBA_F_16_07_b_FINREP_2017-A_1,,X,,EBA_FINREP_EBA_F_16.07.b_FINREP_2017-A_1,,,
EBA_FINREP_EBA_F_16_07_b_FINREP_2017-A_2,,Y,,EBA_FINREP_EBA_F_16.07.b_FINREP_2017-A_2,,,
EBA_FINREP_EBA_F_16_07_b_FINREP_3_0-Ind_1,,X,,EBA_FINREP_EBA_F_16.07.b_FINREP_3.0-Ind_1,,,
EBA_FINREP_EBA_F_16_07_b_FINREP_3_0-Ind_2,,Y,,EBA_FINREP_EBA_F_16.07.b_FINREP_3.0-Ind_2,,,
EBA_FINREP_EBA_F_16_08_FINREP_2_9_2,,X,,EBA_FINREP_EBA_F_16.08_FINREP_2.9_2,,,
EBA_FINREP_EBA_F_16_08_FINREP_2_9_3,,Y,,EBA_FINREP_EBA_F_16.08_FINREP_2.9_3,,,
EBA_FINREP_EBA_F_16_08_FINREP_3_0-Ind_2,,X,,EBA_FINREP_EBA_F_16.08_FINREP_3.0-Ind_2,,,
EBA_FINREP_EBA_F_16_08_FINREP_3_0-Ind_3,,Y,,EBA_FINREP_EBA_F_16.08_FINREP_3.0-Ind_3,,,
EBA_FINREP_EBA_F_17_01_FINREP_2016-A_1,,X,,EBA_FINREP_EBA_F_17.01_FINREP_2016-A_1,,,
EBA_FINREP_EBA_F_17_01_FINREP_2016-A_2,,Y,,EBA_FINREP_EBA_F_17.01_FINREP_2016-A_2,,,
EBA_FINREP_EBA_F_17_01_FINREP_2017-A_1,,X,,EBA_FINREP_EBA_F_17.01_FINREP_2017-A_1,,,
EBA_FINREP_EBA_F_17_01_FINREP_2017-A_2,,Y,,EBA_FINREP_EBA_F_17.01_FINREP_2017-A_2,,,
EBA_FINREP_EBA_F_17_01_FINREP_3_0-Ind_1,,X,,EBA_FINREP_EBA_F_17.01_FINREP_3.0-Ind_1,,,
EBA_FINREP_EBA_F_17_01_FINREP_3_0-Ind_2,,Y,,EBA_FINREP_EBA_F_17.01_FINREP_3.0-Ind_2,,,
EBA_FINREP_EBA_F_17_02_FINREP_2016-A_1,,X,,EBA_FINREP_EBA_F_17.02_FINREP_2016-A_1,,,
EBA_FINREP_EBA_F_17_02_FINREP_2016-A_2,,Y,,EBA_FINREP_EBA_F_17.02_FINREP_2016-A_2,,,
EBA_FINREP_EBA_F_17_02_FINREP_2017-A_1,,X,,EBA_FINREP_EBA_F_17.02_FINREP_2017-A_1,,,
EBA_FINREP_EBA_F_17_02_FINREP_2017-A_2,,Y,,EBA_FINREP_EBA_F_17.02_FINREP_2017-A_2,,,
EBA_FINREP_EBA_F_17_02_FINREP_3_0-Ind_1,,X,,EBA_FINREP_EBA_F_17.02_FINREP_3.0-Ind_1,,,
EBA_FINREP_EBA_F_17_02_FINREP_3_0-Ind_2,,Y,,EBA_FINREP_EBA_F_17.02_FINREP_3.0-Ind_2,,,
EBA_FINREP_EBA_F_17_03_FINREP_2015-A_1,,X,,EBA_FINREP_EBA_F_17.03_FINREP_2015-A_1,,,
EBA_FINREP_EBA_F_17_03_FINREP_2015-A_2,,Y,,EBA_FINREP_EBA_F_17.03_FINREP_2015-A_2,,,
EBA_FINREP_EBA_F_17_03_FINREP_2017-A_1,,X,,EBA_FINREP_EBA_F_17.03_FINREP_2017-A_1,,,
EBA_FINREP_EBA_F_17_03_FINREP_2017-A_2,,Y,,EBA_FINREP_EBA_F_17.03_FINREP_2017-A_2,,,
EBA_FINREP_EBA_F_17_03_FINREP_3_0-Ind_1,,X,,EBA_FINREP_EBA_F_17.03_FINREP_3.0-Ind_1,,,
EBA_FINREP_EBA_F_17_03_FINREP_3_0-Ind_2,,Y,,EBA_FINREP_EBA_F_17.03_FINREP_3.0-Ind_2,,,
EBA_FINREP_EBA_F_18_00_a_FINREP_2016-A_1,,X,,EBA_FINREP_EBA_F_18.00.a_FINREP_2016-A_1,,,
EBA_FINREP_EBA_F_18_00_a_FINREP_2016-A_2,,Y,,EBA_FINREP_EBA_F_18.00.a_FINREP_2016-A_2,,,
EBA_FINREP_EBA_F_18_00_a_FINREP_2017-A_1,,X,,EBA_FINREP_EBA_F_18.00.a_FINREP_2017-A_1,,,
EBA_FINREP_EBA_F_18_00_a_FINREP_2017-A_2,,Y,,EBA_FINREP_EBA_F_18.00.a_FINREP_2017-A_2,,,
EBA_FINREP_EBA_F_18_00_a_FINREP_2_9_1,,X,,EBA_FINREP_EBA_F_18.00.a_FINREP_2.9_1,,,
EBA_FINREP_EBA_F_18_00_a_FINREP_2_9_2,,Y,,EBA_FINREP_EBA_F_18.00.a_FINREP_2.9_2,,,
EBA_FINREP_EBA_F_18_00_a_FINREP_3_0-Ind_1,,X,,EBA_FINREP_EBA_F_18.00.a_FINREP_3.0-Ind_1,,,
EBA_FINREP_EBA_F_18_00_a_FINREP_3_0-Ind_2,,Y,,EBA_FINREP_EBA_F_18.00.a_FINREP_3.0-Ind_2,,,
EBA_FINREP_EBA_F_18_00_b_FINREP_2016-A_1,,X,,EBA_FINREP_EBA_F_18.00.b_FINREP_2016-A_1,,,
EBA_FINREP_EBA_F_18_00_b_FINREP_2016-A_2,,Y,,EBA_FINREP_EBA_F_18.00.b_FINREP_2016-A_2,,,
EBA_FINREP_EBA_F_18_00_b_FINREP_2017-A_1,,X,,EBA_FINREP_EBA_F_18.00.b_FINREP_2017-A_1,,,
EBA_FINREP_EBA_F_18_00_b_FINREP_2017-A_2,,Y,,EBA_FINREP_EBA_F_18.00.b_FINREP_2017-A_2,,,
EBA_FINREP_EBA_F_18_00_b_FINREP_2_9_1,,X,,EBA_FINREP_EBA_F_18.00.b_FINREP_2.9_1,,,
EBA_FINREP_EBA_F_18_00_b_FINREP_2_9_2,,Y,,EBA_FINREP_EBA_F_18.00.b_FINREP_2.9_2,,,
EBA_FINREP_EBA_F_18_00_b_FINREP_3_0-Ind_1,,X,,EBA_FINREP_EBA_F_18.00.b_FINREP_3.0-Ind_1,,,
EBA_FINREP_EBA_F_18_00_b_FINREP_3_0-Ind_2,,Y,,EBA_FINREP_EBA_F_18.00.b_FINREP_3.0-Ind_2,,,
EBA_FINREP_EBA_F_18_00_c_FINREP_2016-A_1,,X,,EBA_FINREP_EBA_F_18.00.c_FINREP_2016-A_1,,,
EBA_FINREP_EBA_F_18_00_c_FINREP_2016-A_2,,Y,,EBA_FINREP_EBA_F_18.00.c_FINREP_2016-A_2,,,
EBA_FINREP_EBA_F_18_00_c_FINREP_2017-A_1,,X,,EBA_FINREP_EBA_F_18.00.c_FINREP_2017-A_1,,,
EBA_FINREP_EBA_F_18_00_c_FINREP_2017-A_2,,Y,,EBA_FINREP_EBA_F_18.00.c_FINREP_2017-A_2,,,
EBA_FINREP_EBA_F_18_00_c_FINREP_2_9_1,,X,,EBA_FINREP_EBA_F_18.00.c_FINREP_2.9_1,,,
EBA_FINREP_EBA_F_18_00_c_FINREP_2_9_2,,Y,,EBA_FINREP_EBA_F_18.00.c_FINREP_2.9_2,,,
EBA_FINREP_EBA_F_18_00_c_FINREP_3_0-Ind_1,,X,,EBA_FINREP_EBA_F_18.00.c_FINREP_3.0-Ind_1,,,
EBA_FINREP_EBA_F_18_00_c_FINREP_3_0-Ind_2,,Y,,EBA_FINREP_EBA_F_18.00.c_FINREP_3.0-Ind_2,,,
EBA_FINREP_EBA_F_18_00_d_FINREP_2_9_2,,X,,EBA_FINREP_EBA_F_18.00.d_FINREP_2.9_2,,,
EBA_FINREP_EBA_F_18_00_d_FINREP_2_9_3,,Y,,EBA_FINREP_EBA_F_18.00.d_FINREP_2.9_3,,,
EBA_FINREP_EBA_F_18_00_d_FINREP_3_0-Ind_2,,X,,EBA_FINREP_EBA_F_18.00.d_FINREP_3.0-Ind_2,,,
EBA_FINREP_EBA_F_18_00_d_FINREP_3_0-Ind_3,,Y,,EBA_FINREP_EBA_F_18.00.d_FINREP_3.0-Ind_3,,,
EBA_FINREP_EBA_F_18_00_e_FINREP_2_9_2,,X,,EBA_FINREP_EBA_F_18.00.e_FINREP_2.9_2,,,
EBA_FINREP_EBA_F_18_00_e_FINREP_2_9_3,,Y,,EBA_FINREP_EBA_F_18.00.e_FINREP_2.9_3,,,
EBA_FINREP_EBA_F_18_00_e_FINREP_3_0-Ind_2,,X,,EBA_FINREP_EBA_F_18.00.e_FINREP_3.0-Ind_2,,,
EBA_FINREP_EBA_F_18_00_e_FINREP_3_0-Ind_3,,Y,,EBA_FINREP_EBA_F_18.00.e_FINREP_3.0-Ind_3,,,
EBA_FINREP_EBA_F_18_01_FINREP_2_9_2,,X,,EBA_FINREP_EBA_F_18.01_FINREP_2.9_2,,,
EBA_FINREP_EBA_F_18_01_FINREP_2_9_3,,Y,,EBA_FINREP_EBA_F_18.01_FINREP_2.9_3,,,
EBA_FINREP_EBA_F_18_02_a_FINREP_2_9_2,,X,,EBA_FINREP_EBA_F_18.02.a_FINREP_2.9_2,,,
EBA_FINREP_EBA_F_18_02_a_FINREP_2_9_3,,Y,,EBA_FINREP_EBA_F_18.02.a_FINREP_2.9_3,,,
EBA_FINREP_EBA_F_18_02_b_FINREP_2_9_2,,X,,EBA_FINREP_EBA_F_18.02.b_FINREP_2.9_2,,,
EBA_FINREP_EBA_F_18_02_b_FINREP_2_9_3,,Y,,EBA_FINREP_EBA_F_18.02.b_FINREP_2.9_3,,,
EBA_FINREP_EBA_F_18_02_c_FINREP_2_9_2,,X,,EBA_FINREP_EBA_F_18.02.c_FINREP_2.9_2,,,
EBA_FINREP_EBA_F_18_02_c_FINREP_2_9_3,,Y,,EBA_FINREP_EBA_F_18.02.c_FINREP_2.9_3,,,
EBA_FINREP_EBA_F_19_00_a_FINREP_2016-A_1,,X,,EBA_FINREP_EBA_F_19.00.a_FINREP_2016-A_1,,,
EBA_FINREP_EBA_F_19_00_a_FINREP_2016-A_2,,Y,,EBA_FINREP_EBA_F_19.00.a_FINREP_2016-A_2,,,
EBA_FINREP_EBA_F_19_00_a_FINREP_2017-A_1,,X,,EBA_FINREP_EBA_F_19.00.a_FINREP_2017-A_1,,,
EBA_FINREP_EBA_F_19_00_a_FINREP_2017-A_2,,Y,,EBA_FINREP_EBA_F_19.00.a_FINREP_2017-A_2,,,
EBA_FINREP_EBA_F_19_00_a_FINREP_2_9_1,,X,,EBA_FINREP_EBA_F_19.00.a_FINREP_2.9_1,,,
EBA_FINREP_EBA_F_19_00_a_FINREP_2_9_2,,Y,,EBA_FINREP_EBA_F_19.00.a_FINREP_2.9_2,,,
EBA_FINREP_EBA_F_19_00_a_FINREP_3_0-Ind_1,,X,,EBA_FINREP_EBA_F_19.00.a_FINREP_3.0-Ind_1,,,
EBA_FINREP_EBA_F_19_00_a_FINREP_3_0-Ind_2,,Y,,EBA_FINREP_EBA_F_19.00.a_FINREP_3.0-Ind_2,,,
EBA_FINREP_EBA_F_19_00_b_FINREP_2016-A_1,,X,,EBA_FINREP_EBA_F_19.00.b_FINREP_2016-A_1,,,
EBA_FINREP_EBA_F_19_00_b_FINREP_2016-A_2,,Y,,EBA_FINREP_EBA_F_19.00.b_FINREP_2016-A_2,,,
EBA_FINREP_EBA_F_19_00_b_FINREP_2017-A_1,,X,,EBA_FINREP_EBA_F_19.00.b_FINREP_2017-A_1,,,
EBA_FINREP_EBA_F_19_00_b_FINREP_2017-A_2,,Y,,EBA_FINREP_EBA_F_19.00.b_FINREP_2017-A_2,,,
EBA_FINREP_EBA_F_19_00_b_FINREP_2_9_1,,X,,EBA_FINREP_EBA_F_19.00.b_FINREP_2.9_1,,,
EBA_FINREP_EBA_F_19_00_b_FINREP_2_9_2,,Y,,EBA_FINREP_EBA_F_19.00.b_FINREP_2.9_2,,,
EBA_FINREP_EBA_F_19_00_b_FINREP_3_0-Ind_1,,X,,EBA_FINREP_EBA_F_19.00.b_FINREP_3.0-Ind_1,,,
EBA_FINREP_EBA_F_19_00_b_FINREP_3_0-Ind_2,,Y,,EBA_FINREP_EBA_F_19.00.b_FINREP_3.0-Ind_2,,,
EBA_FINREP_EBA_F_19_00_c_FINREP_2016-A_1,,X,,EBA_FINREP_EBA_F_19.00.c_FINREP_2016-A_1,,,
EBA_FINREP_EBA_F_19_00_c_FINREP_2016-A_2,,Y,,EBA_FINREP_EBA_F_19.00.c_FINREP_2016-A_2,,,
EBA_FINREP_EBA_F_19_00_c_FINREP_2017-A_1,,X,,EBA_FINREP_EBA_F_19.00.c_FINREP_2017-A_1,,,
EBA_FINREP_EBA_F_19_00_c_FINREP_2017-A_2,,Y,,EBA_FINREP_EBA_F_19.00.c_FINREP_2017-A_2,,,
EBA_FINREP_EBA_F_19_00_c_FINREP_2_9_1,,X,,EBA_FINREP_EBA_F_19.00.c_FINREP_2.9_1,,,
EBA_FINREP_EBA_F_19_00_c_FINREP_2_9_2,,Y,,EBA_FINREP_EBA_F_19.00.c_FINREP_2.9_2,,,
EBA_FINREP_EBA_F_19_00_c_FINREP_3_0-Ind_1,,X,,EBA_FINREP_EBA_F_19.00.c_FINREP_3.0-Ind_1,,,
EBA_FINREP_EBA_F_19_00_c_FINREP_3_0-Ind_2,,Y,,EBA_FINREP_EBA_F_19.00.c_FINREP_3.0-Ind_2,,,
EBA_FINREP_EBA_F_19_00_d_FINREP_2016-A_1,,X,,EBA_FINREP_EBA_F_19.00.d_FINREP_2016-A_1,,,
EBA_FINREP_EBA_F_19_00_d_FINREP_2016-A_2,,Y,,EBA_FINREP_EBA_F_19.00.d_FINREP_2016-A_2,,,
EBA_FINREP_EBA_F_19_00_d_FINREP_2017-A_1,,X,,EBA_FINREP_EBA_F_19.00.d_FINREP_2017-A_1,,,
EBA_FINREP_EBA_F_19_00_d_FINREP_2017-A_2,,Y,,EBA_FINREP_EBA_F_19.00.d_FINREP_2017-A_2,,,
EBA_FINREP_EBA_F_19_00_d_FINREP_2_9_1,,X,,EBA_FINREP_EBA_F_19.00.d_FINREP_2.9_1,,,
EBA_FINREP_EBA_F_19_00_d_FINREP_2_9_2,,Y,,EBA_FINREP_EBA_F_19.00.d_FINREP_2.9_2,,,
EBA_FINREP_EBA_F_19_00_d_FINREP_3_0-Ind_1,,X,,EBA_FINREP_EBA_F_19.00.d_FINREP_3.0-Ind_1,,,
EBA_FINREP_EBA_F_19_00_d_FINREP_3_0-Ind_2,,Y,,EBA_FINREP_EBA_F_19.00.d_FINREP_3.0-Ind_2,,,
EBA_FINREP_EBA_F_19_00_e_FINREP_2_9_2,,X,,EBA_FINREP_EBA_F_19.00.e_FINREP_2.9_2,,,
EBA_FINREP_EBA_F_19_00_e_FINREP_2_9_3,,Y,,EBA_FINREP_EBA_F_19.00.e_FINREP_2.9_3,,,
EBA_FINREP_EBA_F_19_00_e_FINREP_3_0-Ind_2,,X,,EBA_FINREP_EBA_F_19.00.e_FINREP_3.0-Ind_2,,,
EBA_FINREP_EBA_F_19_00_e_FINREP_3_0-Ind_3,,Y,,EBA_FINREP_EBA_F_19.00.e_FINREP_3.0-Ind_3,,,
EBA_FINREP_EBA_F_20_01_FINREP_2016-A_1,,X,,EBA_FINREP_EBA_F_20.01_FINREP_2016-A_1,,,
EBA_FINREP_EBA_F_20_01_FINREP_2016-A_2,,Y,,EBA_FINREP_EBA_F_20.01_FINREP_2016-A_2,,,
EBA_FINREP_EBA_F_20_01_FINREP_2017-A_1,,X,,EBA_FINREP_EBA_F_20.01_FINREP_2017-A_1,,,
EBA_FINREP_EBA_F_20_01_FINREP_2017-A_2,,Y,,EBA_FINREP_EBA_F_20.01_FINREP_2017-A_2,,,
EBA_FINREP_EBA_F_20_01_FINREP_2_8_1,,X,,EBA_FINREP_EBA_F_20.01_FINREP_2.8_1,,,
EBA_FINREP_EBA_F_20_01_FINREP_2_8_2,,Y,,EBA_FINREP_EBA_F_20.01_FINREP_2.8_2,,,
EBA_FINREP_EBA_F_20_01_FINREP_3_0-Ind_1,,X,,EBA_FINREP_EBA_F_20.01_FINREP_3.0-Ind_1,,,
EBA_FINREP_EBA_F_20_01_FINREP_3_0-Ind_2,,Y,,EBA_FINREP_EBA_F_20.01_FINREP_3.0-Ind_2,,,
EBA_FINREP_EBA_F_20_02_FINREP_2015-A_1,,X,,EBA_FINREP_EBA_F_20.02_FINREP_2015-A_1,,,
EBA_FINREP_EBA_F_20_02_FINREP_2015-A_2,,Y,,EBA_FINREP_EBA_F_20.02_FINREP_2015-A_2,,,
EBA_FINREP_EBA_F_20_02_FINREP_2017-A_1,,X,,EBA_FINREP_EBA_F_20.02_FINREP_2017-A_1,,,
EBA_FINREP_EBA_F_20_02_FINREP_2017-A_2,,Y,,EBA_FINREP_EBA_F_20.02_FINREP_2017-A_2,,,
EBA_FINREP_EBA_F_20_02_FINREP_2_8_1,,X,,EBA_FINREP_EBA_F_20.02_FINREP_2.8_1,,,
EBA_FINREP_EBA_F_20_02_FINREP_2_8_2,,Y,,EBA_FINREP_EBA_F_20.02_FINREP_2.8_2,,,
EBA_FINREP_EBA_F_20_02_FINREP_3_0-Ind_1,,X,,EBA_FINREP_EBA_F_20.02_FINREP_3.0-Ind_1,,,
EBA_FINREP_EBA_F_20_02_FINREP_3_0-Ind_2,,Y,,EBA_FINREP_EBA_F_20.02_FINREP_3.0-Ind_2,,,
EBA_FINREP_EBA_F_20_03_FINREP_2016-A_1,,X,,EBA_FINREP_EBA_F_20.03_FINREP_2016-A_1,,,
EBA_FINREP_EBA_F_20_03_FINREP_2016-A_2,,Y,,EBA_FINREP_EBA_F_20.03_FINREP_2016-A_2,,,
EBA_FINREP_EBA_F_20_03_FINREP_2017-A_1,,X,,EBA_FINREP_EBA_F_20.03_FINREP_2017-A_1,,,
EBA_FINREP_EBA_F_20_03_FINREP_2017-A_2,,Y,,EBA_FINREP_EBA_F_20.03_FINREP_2017-A_2,,,
EBA_FINREP_EBA_F_20_03_FINREP_2_8_1,,X,,EBA_FINREP_EBA_F_20.03_FINREP_2.8_1,,,
EBA_FINREP_EBA_F_20_03_FINREP_2_8_2,,Y,,EBA_FINREP_EBA_F_20.03_FINREP_2.8_2,,,
EBA_FINREP_EBA_F_20_03_FINREP_3_0-Ind_1,,X,,EBA_FINREP_EBA_F_20.03_FINREP_3.0-Ind_1,,,
EBA_FINREP_EBA_F_20_03_FINREP_3_0-Ind_2,,Y,,EBA_FINREP_EBA_F_20.03_FINREP_3.0-Ind_2,,,
EBA_FINREP_EBA_F_20_04_FINREP_2015-A_1,,X,,EBA_FINREP_EBA_F_20.04_FINREP_2015-A_1,,,
EBA_FINREP_EBA_F_20_04_FINREP_2015-A_2,,Y,,EBA_FINREP_EBA_F_20.04_FINREP_2015-A_2,,,
EBA_FINREP_EBA_F_20_04_FINREP_2015-A_3,,Z,,EBA_FINREP_EBA_F_20.04_FINREP_2015-A_3,,,
EBA_FINREP_EBA_F_20_04_FINREP_2017-A_1,,X,,EBA_FINREP_EBA_F_20.04_FINREP_2017-A_1,,,
EBA_FINREP_EBA_F_20_04_FINREP_2017-A_2,,Y,,EBA_FINREP_EBA_F_20.04_FINREP_2017-A_2,,,
EBA_FINREP_EBA_F_20_04_FINREP_2017-A_3,,Z,,EBA_FINREP_EBA_F_20.04_FINREP_2017-A_3,,,
EBA_FINREP_EBA_F_20_04_FINREP_2_8_1,,X,,EBA_FINREP_EBA_F_20.04_FINREP_2.8_1,,,
EBA_FINREP_EBA_F_20_04_FINREP_2_8_2,,Y,,EBA_FINREP_EBA_F_20.04_FINREP_2.8_2,,,
EBA_FINREP_EBA_F_20_04_FINREP_2_8_3,,Z,,EBA_FINREP_EBA_F_20.04_FINREP_2.8_3,,,
EBA_FINREP_EBA_F_20_04_FINREP_2_9_1-Ind_1,,X,,EBA_FINREP_EBA_F_20.04_FINREP_2.9.1-Ind_1,,,
EBA_FINREP_EBA_F_20_04_FINREP_2_9_1-Ind_2,,Y,,EBA_FINREP_EBA_F_20.04_FINREP_2.9.1-Ind_2,,,
EBA_FINREP_EBA_F_20_04_FINREP_2_9_1-Ind_3,,Z,,EBA_FINREP_EBA_F_20.04_FINREP_2.9.1-Ind_3,,,
EBA_FINREP_EBA_F_20_04_FINREP_3_0-Ind_1,,X,,EBA_FINREP_EBA_F_20.04_FINREP_3.0-Ind_1,,,
EBA_FINREP_EBA_F_20_04_FINREP_3_0-Ind_2,,Y,,EBA_FINREP_EBA_F_20.04_FINREP_3.0-Ind_2,,,
EBA_FINREP_EBA_F_20_04_FINREP_3_0-Ind_3,,Z,,EBA_FINREP_EBA_F_20.04_FINREP_3.0-Ind_3,,,
EBA_FINREP_EBA_F_20_05_a_FINREP_2015-A_1,,X,,EBA_FINREP_EBA_F_20.05.a_FINREP_2015-A_1,,,
EBA_FINREP_EBA_F_20_05_a_FINREP_2015-A_2,,Y,,EBA_FINREP_EBA_F_20.05.a_FINREP_2015-A_2,,,
EBA_FINREP_EBA_F_20_05_a_FINREP_2015-A_3,,Z,,EBA_FINREP_EBA_F_20.05.a_FINREP_2015-A_3,,,
EBA_FINREP_EBA_F_20_05_a_FINREP_2017-A_1,,X,,EBA_FINREP_EBA_F_20.05.a_FINREP_2017-A_1,,,
EBA_FINREP_EBA_F_20_05_a_FINREP_2017-A_2,,Y,,EBA_FINREP_EBA_F_20.05.a_FINREP_2017-A_2,,,
EBA_FINREP_EBA_F_20_05_a_FINREP_2017-A_3,,Z,,EBA_FINREP_EBA_F_20.05.a_FINREP_2017-A_3,,,
EBA_FINREP_EBA_F_20_05_a_FINREP_2_9_1,,X,,EBA_FINREP_EBA_F_20.05.a_FINREP_2.9_1,,,
EBA_FINREP_EBA_F_20_05_a_FINREP_2_9_2,,Y,,EBA_FINREP_EBA_F_20.05.a_FINREP_2.9_2,,,
EBA_FINREP_EBA_F_20_05_a_FINREP_2_9_3,,Z,,EBA_FINREP_EBA_F_20.05.a_FINREP_2.9_3,,,
EBA_FINREP_EBA_F_20_05_a_FINREP_3_0-Ind_1,,X,,EBA_FINREP_EBA_F_20.05.a_FINREP_3.0-Ind_1,,,
EBA_FINREP_EBA_F_20_05_a_FINREP_3_0-Ind_2,,Y,,EBA_FINREP_EBA_F_20.05.a_FINREP_3.0-Ind_2,,,
EBA_FINREP_EBA_F_20_05_a_FINREP_3_0-Ind_3,,Z,,EBA_FINREP_EBA_F_20.05.a_FINREP_3.0-Ind_3,,,
EBA_FINREP_EBA_F_20_05_b_FINREP_2014-03_1,,X,,EBA_FINREP_EBA_F_20.05.b_FINREP_2014-03_1,,,
EBA_FINREP_EBA_F_20_05_b_FINREP_2014-03_2,,Y,,EBA_FINREP_EBA_F_20.05.b_FINREP_2014-03_2,,,
EBA_FINREP_EBA_F_20_05_b_FINREP_2014-03_3,,Z,,EBA_FINREP_EBA_F_20.05.b_FINREP_2014-03_3,,,
EBA_FINREP_EBA_F_20_05_b_FINREP_2017-A_1,,X,,EBA_FINREP_EBA_F_20.05.b_FINREP_2017-A_1,,,
EBA_FINREP_EBA_F_20_05_b_FINREP_2017-A_2,,Y,,EBA_FINREP_EBA_F_20.05.b_FINREP_2017-A_2,,,
EBA_FINREP_EBA_F_20_05_b_FINREP_2017-A_3,,Z,,EBA_FINREP_EBA_F_20.05.b_FINREP_2017-A_3,,,
EBA_FINREP_EBA_F_20_05_b_FINREP_3_0-Ind_1,,X,,EBA_FINREP_EBA_F_20.05.b_FINREP_3.0-Ind_1,,,
EBA_FINREP_EBA_F_20_05_b_FINREP_3_0-Ind_2,,Y,,EBA_FINREP_EBA_F_20.05.b_FINREP_3.0-Ind_2,,,
EBA_FINREP_EBA_F_20_05_b_FINREP_3_0-Ind_3,,Z,,EBA_FINREP_EBA_F_20.05.b_FINREP_3.0-Ind_3,,,
EBA_FINREP_EBA_F_20_06_FINREP_2014-03_1,,X,,EBA_FINREP_EBA_F_20.06_FINREP_2014-03_1,,,
EBA_FINREP_EBA_F_20_06_FINREP_2014-03_2,,Y,,EBA_FINREP_EBA_F_20.06_FINREP_2014-03_2,,,
EBA_FINREP_EBA_F_20_06_FINREP_2014-03_3,,Z,,EBA_FINREP_EBA_F_20.06_FINREP_2014-03_3,,,
EBA_FINREP_EBA_F_20_06_FINREP_2017-A_1,,X,,EBA_FINREP_EBA_F_20.06_FINREP_2017-A_1,,,
EBA_FINREP_EBA_F_20_06_FINREP_2017-A_2,,Y,,EBA_FINREP_EBA_F_20.06_FINREP_2017-A_2,,,
EBA_FINREP_EBA_F_20_06_FINREP_2017-A_3,,Z,,EBA_FINREP_EBA_F_20.06_FINREP_2017-A_3,,,
EBA_FINREP_EBA_F_20_06_FINREP_3_0-Ind_1,,X,,EBA_FINREP_EBA_F_20.06_FINREP_3.0-Ind_1,,,
EBA_FINREP_EBA_F_20_06_FINREP_3_0-Ind_2,,Y,,EBA_FINREP_EBA_F_20.06_FINREP_3.0-Ind_2,,,
EBA_FINREP_EBA_F_20_06_FINREP_3_0-Ind_3,,Z,,EBA_FINREP_EBA_F_20.06_FINREP_3.0-Ind_3,,,
EBA_FINREP_EBA_F_20_07_1_FINREP_2017-A_1,,X,,EBA_FINREP_EBA_F_20.07.1_FINREP_2017-A_1,,,
EBA_FINREP_EBA_F_20_07_1_FINREP_2017-A_2,,Y,,EBA_FINREP_EBA_F_20.07.1_FINREP_2017-A_2,,,
EBA_FINREP_EBA_F_20_07_1_FINREP_2017-A_3,,Z,,EBA_FINREP_EBA_F_20.07.1_FINREP_2017-A_3,,,
EBA_FINREP_EBA_F_20_07_1_FINREP_3_0-Ind_1,,X,,EBA_FINREP_EBA_F_20.07.1_FINREP_3.0-Ind_1,,,
EBA_FINREP_EBA_F_20_07_1_FINREP_3_0-Ind_2,,Y,,EBA_FINREP_EBA_F_20.07.1_FINREP_3.0-Ind_2,,,
EBA_FINREP_EBA_F_20_07_1_FINREP_3_0-Ind_3,,Z,,EBA_FINREP_EBA_F_20.07.1_FINREP_3.0-Ind_3,,,
EBA_FINREP_EBA_F_20_07_FINREP_2016-A_1,,X,,EBA_FINREP_EBA_F_20.07_FINREP_2016-A_1,,,
EBA_FINREP_EBA_F_20_07_FINREP_2016-A_2,,Y,,EBA_FINREP_EBA_F_20.07_FINREP_2016-A_2,,,
EBA_FINREP_EBA_F_20_07_FINREP_2016-A_3,,Z,,EBA_FINREP_EBA_F_20.07_FINREP_2016-A_3,,,
EBA_FINREP_EBA_F_21_00_FINREP_2015-A_1,,X,,EBA_FINREP_EBA_F_21.00_FINREP_2015-A_1,,,
EBA_FINREP_EBA_F_21_00_FINREP_2015-A_2,,Y,,EBA_FINREP_EBA_F_21.00_FINREP_2015-A_2,,,
EBA_FINREP_EBA_F_21_00_FINREP_2017-A_1,,X,,EBA_FINREP_EBA_F_21.00_FINREP_2017-A_1,,,
EBA_FINREP_EBA_F_21_00_FINREP_2017-A_2,,Y,,EBA_FINREP_EBA_F_21.00_FINREP_2017-A_2,,,
EBA_FINREP_EBA_F_21_00_FINREP_3_0-Ind_1,,X,,EBA_FINREP_EBA_F_21.00_FINREP_3.0-Ind_1,,,
EBA_FINREP_EBA_F_21_00_FINREP_3_0-Ind_2,,Y,,EBA_FINREP_EBA_F_21.00_FINREP_3.0-Ind_2,,,
EBA_FINREP_EBA_F_22_01_FINREP_2015-A_1,,X,,EBA_FINREP_EBA_F_22.01_FINREP_2015-A_1,,,
EBA_FINREP_EBA_F_22_01_FINREP_2015-A_2,,Y,,EBA_FINREP_EBA_F_22.01_FINREP_2015-A_2,,,
EBA_FINREP_EBA_F_22_01_FINREP_2017-A_1,,X,,EBA_FINREP_EBA_F_22.01_FINREP_2017-A_1,,,
EBA_FINREP_EBA_F_22_01_FINREP_2017-A_2,,Y,,EBA_FINREP_EBA_F_22.01_FINREP_2017-A_2,,,
EBA_FINREP_EBA_F_22_01_FINREP_2_9_1,,X,,EBA_FINREP_EBA_F_22.01_FINREP_2.9_1,,,
EBA_FINREP_EBA_F_22_01_FINREP_2_9_2,,Y,,EBA_FINREP_EBA_F_22.01_FINREP_2.9_2,,,
EBA_FINREP_EBA_F_22_01_FINREP_3_0-Ind_1,,X,,EBA_FINREP_EBA_F_22.01_FINREP_3.0-Ind_1,,,
EBA_FINREP_EBA_F_22_01_FINREP_3_0-Ind_2,,Y,,EBA_FINREP_EBA_F_22.01_FINREP_3.0-Ind_2,,,
EBA_FINREP_EBA_F_22_02_FINREP_1,,X,,EBA_FINREP_EBA_F_22.02_FINREP_1,,,
EBA_FINREP_EBA_F_22_02_FINREP_2,,Y,,EBA_FINREP_EBA_F_22.02_FINREP_2,,,
EBA_FINREP_EBA_F_22_02_FINREP_2017-A_1,,X,,EBA_FINREP_EBA_F_22.02_FINREP_2017-A_1,,,
EBA_FINREP_EBA_F_22_02_FINREP_2017-A_2,,Y,,EBA_FINREP_EBA_F_22.02_FINREP_2017-A_2,,,
EBA_FINREP_EBA_F_22_02_FINREP_3_0-Ind_1,,X,,EBA_FINREP_EBA_F_22.02_FINREP_3.0-Ind_1,,,
EBA_FINREP_EBA_F_22_02_FINREP_3_0-Ind_2,,Y,,EBA_FINREP_EBA_F_22.02_FINREP_3.0-Ind_2,,,
EBA_FINREP_EBA_F_23_01_FINREP_2_9_2,,X,,EBA_FINREP_EBA_F_23.01_FINREP_2.9_2,,,
EBA_FINREP_EBA_F_23_01_FINREP_2_9_3,,Y,,EBA_FINREP_EBA_F_23.01_FINREP_2.9_3,,,
EBA_FINREP_EBA_F_23_02_FINREP_2_9_2,,X,,EBA_FINREP_EBA_F_23.02_FINREP_2.9_2,,,
EBA_FINREP_EBA_F_23_02_FINREP_2_9_3,,Y,,EBA_FINREP_EBA_F_23.02_FINREP_2.9_3,,,
EBA_FINREP_EBA_F_23_03_FINREP_2_9_2,,X,,EBA_FINREP_EBA_F_23.03_FINREP_2.9_2,,,
EBA_FINREP_EBA_F_23_03_FINREP_2_9_3,,Y,,EBA_FINREP_EBA_F_23.03_FINREP_2.9_3,,,
EBA_FINREP_EBA_F_23_04_FINREP_2_9_2,,X,,EBA_FINREP_EBA_F_23.04_FINREP_2.9_2,,,
EBA_FINREP_EBA_F_23_04_FINREP_2_9_3,,Y,,EBA_FINREP_EBA_F_23.04_FINREP_2.9_3,,,
EBA_FINREP_EBA_F_23_05_FINREP_2_9_2,,X,,EBA_FINREP_EBA_F_23.05_FINREP_2.9_2,,,
EBA_FINREP_EBA_F_23_05_FINREP_2_9_3,,Y,,EBA_FINREP_EBA_F_23.05_FINREP_2.9_3,,,
EBA_FINREP_EBA_F_23_06_FINREP_2_9_2,,X,,EBA_FINREP_EBA_F_23.06_FINREP_2.9_2,,,
EBA_FINREP_EBA_F_23_06_FINREP_2_9_3,,Y,,EBA_FINREP_EBA_F_23.06_FINREP_2.9_3,,,
EBA_FINREP_EBA_F_24_01_FINREP_2_9_2,,X,,EBA_FINREP_EBA_F_24.01_FINREP_2.9_2,,,
EBA_FINREP_EBA_F_24_01_FINREP_2_9_3,,Y,,EBA_FINREP_EBA_F_24.01_FINREP_2.9_3,,,
EBA_FINREP_EBA_F_24_02_FINREP_2_9_2,,X,,EBA_FINREP_EBA_F_24.02_FINREP_2.9_2,,,
EBA_FINREP_EBA_F_24_02_FINREP_2_9_3,,Y,,EBA_FINREP_EBA_F_24.02_FINREP_2.9_3,,,
EBA_FINREP_EBA_F_24_03_FINREP_2_9_2,,X,,EBA_FINREP_EBA_F_24.03_FINREP_2.9_2,,,
EBA_FINREP_EBA_F_24_03_FINREP_2_9_3,,Y,,EBA_FINREP_EBA_F_24.03_FINREP_2.9_3,,,
EBA_FINREP_EBA_F_25_01_a_FINREP_2_9_2,,X,,EBA_FINREP_EBA_F_25.01.a_FINREP_2.9_2,,,
EBA_FINREP_EBA_F_25_01_a_FINREP_2_9_3,,Y,,EBA_FINREP_EBA_F_25.01.a_FINREP_2.9_3,,,
EBA_FINREP_EBA_F_25_01_a_FINREP_3_0-Ind_2,,X,,EBA_FINREP_EBA_F_25.01.a_FINREP_3.0-Ind_2,,,
EBA_FINREP_EBA_F_25_01_a_FINREP_3_0-Ind_3,,Y,,EBA_FINREP_EBA_F_25.01.a_FINREP_3.0-Ind_3,,,
EBA_FINREP_EBA_F_25_01_b_FINREP_2_9_2,,X,,EBA_FINREP_EBA_F_25.01.b_FINREP_2.9_2,,,
EBA_FINREP_EBA_F_25_01_b_FINREP_2_9_3,,Y,,EBA_FINREP_EBA_F_25.01.b_FINREP_2.9_3,,,
EBA_FINREP_EBA_F_25_01_b_FINREP_3_0-Ind_2,,X,,EBA_FINREP_EBA_F_25.01.b_FINREP_3.0-Ind_2,,,
EBA_FINREP_EBA_F_25_01_b_FINREP_3_0-Ind_3,,Y,,EBA_FINREP_EBA_F_25.01.b_FINREP_3.0-Ind_3,,,
EBA_FINREP_EBA_F_25_01_c_FINREP_2_9_2,,X,,EBA_FINREP_EBA_F_25.01.c_FINREP_2.9_2,,,
EBA_FINREP_EBA_F_25_01_c_FINREP_2_9_3,,Y,,EBA_FINREP_EBA_F_25.01.c_FINREP_2.9_3,,,
EBA_FINREP_EBA_F_25_01_c_FINREP_3_0-Ind_2,,X,,EBA_FINREP_EBA_F_25.01.c_FINREP_3.0-Ind_2,,,
EBA_FINREP_EBA_F_25_01_c_FINREP_3_0-Ind_3,,Y,,EBA_FINREP_EBA_F_25.01.c_FINREP_3.0-Ind_3,,,
EBA_FINREP_EBA_F_25_01_d_FINREP_2_9_2,,X,,EBA_FINREP_EBA_F_25.01.d_FINREP_2.9_2,,,
EBA_FINREP_EBA_F_25_01_d_FINREP_2_9_3,,Y,,EBA_FINREP_EBA_F_25.01.d_FINREP_2.9_3,,,
EBA_FINREP_EBA_F_25_01_d_FINREP_3_0-Ind_2,,X,,EBA_FINREP_EBA_F_25.01.d_FINREP_3.0-Ind_2,,,
EBA_FINREP_EBA_F_25_01_d_FINREP_3_0-Ind_3,,Y,,EBA_FINREP_EBA_F_25.01.d_FINREP_3.0-Ind_3,,,
EBA_FINREP_EBA_F_25_02_a_FINREP_2_9_2,,X,,EBA_FINREP_EBA_F_25.02.a_FINREP_2.9_2,,,
EBA_FINREP_EBA_F_25_02_a_FINREP_2_9_3,,Y,,EBA_FINREP_EBA_F_25.02.a_FINREP_2.9_3,,,
EBA_FINREP_EBA_F_25_02_a_FINREP_3_0-Ind_2,,X,,EBA_FINREP_EBA_F_25.02.a_FINREP_3.0-Ind_2,,,
EBA_FINREP_EBA_F_25_02_a_FINREP_3_0-Ind_3,,Y,,EBA_FINREP_EBA_F_25.02.a_FINREP_3.0-Ind_3,,,
EBA_FINREP_EBA_F_25_02_b_FINREP_2_9_2,,X,,EBA_FINREP_EBA_F_25.02.b_FINREP_2.9_2,,,
EBA_FINREP_EBA_F_25_02_b_FINREP_2_9_3,,Y,,EBA_FINREP_EBA_F_25.02.b_FINREP_2.9_3,,,
EBA_FINREP_EBA_F_25_02_b_FINREP_3_0-Ind_2,,X,,EBA_FINREP_EBA_F_25.02.b_FINREP_3.0-Ind_2,,,
EBA_FINREP_EBA_F_25_02_b_FINREP_3_0-Ind_3,,Y,,EBA_FINREP_EBA_F_25.02.b_FINREP_3.0-Ind_3,,,
EBA_FINREP_EBA_F_25_02_c_FINREP_2_9_2,,X,,EBA_FINREP_EBA_F_25.02.c_FINREP_2.9_2,,,
EBA_FINREP_EBA_F_25_02_c_FINREP_2_9_3,,Y,,EBA_FINREP_EBA_F_25.02.c_FINREP_2.9_3,,,
EBA_FINREP_EBA_F_25_02_c_FINREP_3_0-Ind_2,,X,,EBA_FINREP_EBA_F_25.02.c_FINREP_3.0-Ind_2,,,
EBA_FINREP_EBA_F_25_02_c_FINREP_3_0-Ind_3,,Y,,EBA_FINREP_EBA_F_25.02.c_FINREP_3.0-Ind_3,,,
EBA_FINREP_EBA_F_25_03_a_FINREP_2_9_2,,X,,EBA_FINREP_EBA_F_25.03.a_FINREP_2.9_2,,,
EBA_FINREP_EBA_F_25_03_a_FINREP_2_9_3,,Y,,EBA_FINREP_EBA_F_25.03.a_FINREP_2.9_3,,,
EBA_FINREP_EBA_F_25_03_b_FINREP_2_9_2,,X,,EBA_FINREP_EBA_F_25.03.b_FINREP_2.9_2,,,
EBA_FINREP_EBA_F_25_03_b_FINREP_2_9_3,,Y,,EBA_FINREP_EBA_F_25.03.b_FINREP_2.9_3,,,
EBA_FINREP_EBA_F_26_00_a_FINREP_2_9_2,,X,,EBA_FINREP_EBA_F_26.00.a_FINREP_2.9_2,,,
EBA_FINREP_EBA_F_26_00_a_FINREP_2_9_3,,Y,,EBA_FINREP_EBA_F_26.00.a_FINREP_2.9_3,,,
EBA_FINREP_EBA_F_26_00_b_FINREP_2_9_2,,X,,EBA_FINREP_EBA_F_26.00.b_FINREP_2.9_2,,,
EBA_FINREP_EBA_F_26_00_b_FINREP_2_9_3,,Y,,EBA_FINREP_EBA_F_26.00.b_FINREP_2.9_3,,,
EBA_FINREP_EBA_F_30_01_FINREP_1,,X,,EBA_FINREP_EBA_F_30.01_FINREP_1,,,
EBA_FINREP_EBA_F_30_01_FINREP_2,,Y,,EBA_FINREP_EBA_F_30.01_FINREP_2,,,
EBA_FINREP_EBA_F_30_01_FINREP_2017-A_1,,X,,EBA_FINREP_EBA_F_30.01_FINREP_2017-A_1,,,
EBA_FINREP_EBA_F_30_01_FINREP_2017-A_2,,Y,,EBA_FINREP_EBA_F_30.01_FINREP_2017-A_2,,,
EBA_FINREP_EBA_F_30_01_FINREP_3_0-Ind_1,,X,,EBA_FINREP_EBA_F_30.01_FINREP_3.0-Ind_1,,,
EBA_FINREP_EBA_F_30_01_FINREP_3_0-Ind_2,,Y,,EBA_FINREP_EBA_F_30.01_FINREP_3.0-Ind_2,,,
EBA_FINREP_EBA_F_30_02_FINREP_2015-A_1,,X,,EBA_FINREP_EBA_F_30.02_FINREP_2015-A_1,,,
EBA_FINREP_EBA_F_30_02_FINREP_2015-A_2,,Y,,EBA_FINREP_EBA_F_30.02_FINREP_2015-A_2,,,
EBA_FINREP_EBA_F_30_02_FINREP_2017-A_1,,X,,EBA_FINREP_EBA_F_30.02_FINREP_2017-A_1,,,
EBA_FINREP_EBA_F_30_02_FINREP_2017-A_2,,Y,,EBA_FINREP_EBA_F_30.02_FINREP_2017-A_2,,,
EBA_FINREP_EBA_F_30_02_FINREP_2_8_1,,X,,EBA_FINREP_EBA_F_30.02_FINREP_2.8_1,,,
EBA_FINREP_EBA_F_30_02_FINREP_2_8_2,,Y,,EBA_FINREP_EBA_F_30.02_FINREP_2.8_2,,,
EBA_FINREP_EBA_F_30_02_FINREP_3_0-Ind_1,,X,,EBA_FINREP_EBA_F_30.02_FINREP_3.0-Ind_1,,,
EBA_FINREP_EBA_F_30_02_FINREP_3_0-Ind_2,,Y,,EBA_FINREP_EBA_F_30.02_FINREP_3.0-Ind_2,,,
EBA_FINREP_EBA_F_31_01_FINREP_2016-A_1,,X,,EBA_FINREP_EBA_F_31.01_FINREP_2016-A_1,,,
EBA_FINREP_EBA_F_31_01_FINREP_2016-A_2,,Y,,EBA_FINREP_EBA_F_31.01_FINREP_2016-A_2,,,
EBA_FINREP_EBA_F_31_01_FINREP_2017-A_1,,X,,EBA_FINREP_EBA_F_31.01_FINREP_2017-A_1,,,
EBA_FINREP_EBA_F_31_01_FINREP_2017-A_2,,Y,,EBA_FINREP_EBA_F_31.01_FINREP_2017-A_2,,,
EBA_FINREP_EBA_F_31_01_FINREP_3_0-Ind_1,,X,,EBA_FINREP_EBA_F_31.01_FINREP_3.0-Ind_1,,,
EBA_FINREP_EBA_F_31_01_FINREP_3_0-Ind_2,,Y,,EBA_FINREP_EBA_F_31.01_FINREP_3.0-Ind_2,,,
EBA_FINREP_EBA_F_31_02_FINREP_2016-A_1,,X,,EBA_FINREP_EBA_F_31.02_FINREP_2016-A_1,,,
EBA_FINREP_EBA_F_31_02_FINREP_2016-A_2,,Y,,EBA_FINREP_EBA_F_31.02_FINREP_2016-A_2,,,
EBA_FINREP_EBA_F_31_02_FINREP_2017-A_1,,X,,EBA_FINREP_EBA_F_31.02_FINREP_2017-A_1,,,
EBA_FINREP_EBA_F_31_02_FINREP_2017-A_2,,Y,,EBA_FINREP_EBA_F_31.02_FINREP_2017-A_2,,,
EBA_FINREP_EBA_F_31_02_FINREP_3_0-Ind_1,,X,,EBA_FINREP_EBA_F_31.02_FINREP_3.0-Ind_1,,,
EBA_FINREP_EBA_F_31_02_FINREP_3_0-Ind_2,,Y,,EBA_FINREP_EBA_F_31.02_FINREP_3.0-Ind_2,,,
EBA_FINREP_EBA_F_40_01_FINREP_2015-B_1,,X,,EBA_FINREP_EBA_F_40.01_FINREP_2015-B_1,,,
EBA_FINREP_EBA_F_40_01_FINREP_2015-B_2,,Y,,EBA_FINREP_EBA_F_40.01_FINREP_2015-B_2,,,
EBA_FINREP_EBA_F_40_01_FINREP_2017-A_1,,X,,EBA_FINREP_EBA_F_40.01_FINREP_2017-A_1,,,
EBA_FINREP_EBA_F_40_01_FINREP_2017-A_2,,Y,,EBA_FINREP_EBA_F_40.01_FINREP_2017-A_2,,,
EBA_FINREP_EBA_F_40_01_FINREP_3_0-Ind_1,,X,,EBA_FINREP_EBA_F_40.01_FINREP_3.0-Ind_1,,,
EBA_FINREP_EBA_F_40_01_FINREP_3_0-Ind_2,,Y,,EBA_FINREP_EBA_F_40.01_FINREP_3.0-Ind_2,,,
EBA_FINREP_EBA_F_40_02_FINREP_1,,X,,EBA_FINREP_EBA_F_40.02_FINREP_1,,,
EBA_FINREP_EBA_F_40_02_FINREP_2,,Y,,EBA_FINREP_EBA_F_40.02_FINREP_2,,,
EBA_FINREP_EBA_F_40_02_FINREP_2017-A_1,,X,,EBA_FINREP_EBA_F_40.02_FINREP_2017-A_1,,,
EBA_FINREP_EBA_F_40_02_FINREP_2017-A_2,,Y,,EBA_FINREP_EBA_F_40.02_FINREP_2017-A_2,,,
EBA_FINREP_EBA_F_40_02_FINREP_3_0-Ind_1,,X,,EBA_FINREP_EBA_F_40.02_FINREP_3.0-Ind_1,,,
EBA_FINREP_EBA_F_40_02_FINREP_3_0-Ind_2,,Y,,EBA_FINREP_EBA_F_40.02_FINREP_3.0-Ind_2,,,
EBA_FINREP_EBA_F_41_01_FINREP_1,,X,,EBA_FINREP_EBA_F_41.01_FINREP_1,,,
EBA_FINREP_EBA_F_41_01_FINREP_2,,Y,,EBA_FINREP_EBA_F_41.01_FINREP_2,,,
EBA_FINREP_EBA_F_41_01_FINREP_2017-A_1,,X,,EBA_FINREP_EBA_F_41.01_FINREP_2017-A_1,,,
EBA_FINREP_EBA_F_41_01_FINREP_2017-A_2,,Y,,EBA_FINREP_EBA_F_41.01_FINREP_2017-A_2,,,
EBA_FINREP_EBA_F_41_01_FINREP_3_0-Ind_1,,X,,EBA_FINREP_EBA_F_41.01_FINREP_3.0-Ind_1,,,
EBA_FINREP_EBA_F_41_01_FINREP_3_0-Ind_2,,Y,,EBA_FINREP_EBA_F_41.01_FINREP_3.0-Ind_2,,,
EBA_FINREP_EBA_F_41_02_FINREP_2014-03_1,,X,,EBA_FINREP_EBA_F_41.02_FINREP_2014-03_1,,,
EBA_FINREP_EBA_F_41_02_FINREP_2014-03_2,,Y,,EBA_FINREP_EBA_F_41.02_FINREP_2014-03_2,,,
EBA_FINREP_EBA_F_41_02_FINREP_2017-A_1,,X,,EBA_FINREP_EBA_F_41.02_FINREP_2017-A_1,,,
EBA_FINREP_EBA_F_41_02_FINREP_2017-A_2,,Y,,EBA_FINREP_EBA_F_41.02_FINREP_2017-A_2,,,
EBA_FINREP_EBA_F_41_02_FINREP_3_0-Ind_1,,X,,EBA_FINREP_EBA_F_41.02_FINREP_3.0-Ind_1,,,
EBA_FINREP_EBA_F_41_02_FINREP_3_0-Ind_2,,Y,,EBA_FINREP_EBA_F_41.02_FINREP_3.0-Ind_2,,,
EBA_FINREP_EBA_F_41_03_FINREP_1,,X,,EBA_FINREP_EBA_F_41.03_FINREP_1,,,
EBA_FINREP_EBA_F_41_03_FINREP_2,,Y,,EBA_FINREP_EBA_F_41.03_FINREP_2,,,
EBA_FINREP_EBA_F_42_00_FINREP_2015-A_1,,X,,EBA_FINREP_EBA_F_42.00_FINREP_2015-A_1,,,
EBA_FINREP_EBA_F_42_00_FINREP_2015-A_2,,Y,,EBA_FINREP_EBA_F_42.00_FINREP_2015-A_2,,,
EBA_FINREP_EBA_F_42_00_FINREP_2017-A_1,,X,,EBA_FINREP_EBA_F_42.00_FINREP_2017-A_1,,,
EBA_FINREP_EBA_F_42_00_FINREP_2017-A_2,,Y,,EBA_FINREP_EBA_F_42.00_FINREP_2017-A_2,,,
EBA_FINREP_EBA_F_42_00_FINREP_2_9_1,,X,,EBA_FINREP_EBA_F_42.00_FINREP_2.9_1,,,
EBA_FINREP_EBA_F_42_00_FINREP_2_9_2,,Y,,EBA_FINREP_EBA_F_42.00_FINREP_2.9_2,,,
EBA_FINREP_EBA_F_42_00_FINREP_3_0-Ind_1,,X,,EBA_FINREP_EBA_F_42.00_FINREP_3.0-Ind_1,,,
EBA_FINREP_EBA_F_42_00_FINREP_3_0-Ind_2,,Y,,EBA_FINREP_EBA_F_42.00_FINREP_3.0-Ind_2,,,
EBA_FINREP_EBA_F_43_00_FINREP_2015-A_1,,X,,EBA_FINREP_EBA_F_43.00_FINREP_2015-A_1,,,
EBA_FINREP_EBA_F_43_00_FINREP_2015-A_2,,Y,,EBA_FINREP_EBA_F_43.00_FINREP_2015-A_2,,,
EBA_FINREP_EBA_F_43_00_FINREP_2017-A_1,,X,,EBA_FINREP_EBA_F_43.00_FINREP_2017-A_1,,,
EBA_FINREP_EBA_F_43_00_FINREP_2017-A_2,,Y,,EBA_FINREP_EBA_F_43.00_FINREP_2017-A_2,,,
EBA_FINREP_EBA_F_43_00_FINREP_3_0-Ind_1,,X,,EBA_FINREP_EBA_F_43.00_FINREP_3.0-Ind_1,,,
EBA_FINREP_EBA_F_43_00_FINREP_3_0-Ind_2,,Y,,EBA_FINREP_EBA_F_43.00_FINREP_3.0-Ind_2,,,
EBA_FINREP_EBA_F_44_01_FINREP_1,,X,,EBA_FINREP_EBA_F_44.01_FINREP_1,,,
EBA_FINREP_EBA_F_44_01_FINREP_2,,Y,,EBA_FINREP_EBA_F_44.01_FINREP_2,,,
EBA_FINREP_EBA_F_44_01_FINREP_2017-A_1,,X,,EBA_FINREP_EBA_F_44.01_FINREP_2017-A_1,,,
EBA_FINREP_EBA_F_44_01_FINREP_2017-A_2,,Y,,EBA_FINREP_EBA_F_44.01_FINREP_2017-A_2,,,
EBA_FINREP_EBA_F_44_01_FINREP_3_0-Ind_1,,X,,EBA_FINREP_EBA_F_44.01_FINREP_3.0-Ind_1,,,
EBA_FINREP_EBA_F_44_01_FINREP_3_0-Ind_2,,Y,,EBA_FINREP_EBA_F_44.01_FINREP_3.0-Ind_2,,,
EBA_FINREP_EBA_F_44_02_FINREP_1,,X,,EBA_FINREP_EBA_F_44.02_FINREP_1,,,
EBA_FINREP_EBA_F_44_02_FINREP_2,,Y,,EBA_FINREP_EBA_F_44.02_FINREP_2,,,
EBA_FINREP_EBA_F_44_02_FINREP_2017-A_1,,X,,EBA_FINREP_EBA_F_44.02_FINREP_2017-A_1,,,
EBA_FINREP_EBA_F_44_02_FINREP_2017-A_2,,Y,,EBA_FINREP_EBA_F_44.02_FINREP_2017-A_2,,,
EBA_FINREP_EBA_F_44_02_FINREP_3_0-Ind_1,,X,,EBA_FINREP_EBA_F_44.02_FINREP_3.0-Ind_1,,,
EBA_FINREP_EBA_F_44_02_FINREP_3_0-Ind_2,,Y,,EBA_FINREP_EBA_F_44.02_FINREP_3.0-Ind_2,,,
EBA_FINREP_EBA_F_44_03_FINREP_1,,X,,EBA_FINREP_EBA_F_44.03_FINREP_1,,,
EBA_FINREP_EBA_F_44_03_FINREP_2,,Y,,EBA_FINREP_EBA_F_44.03_FINREP_2,,,
EBA_FINREP_EBA_F_44_03_FINREP_2017-A_1,,X,,EBA_FINREP_EBA_F_44.03_FINREP_2017-A_1,,,
EBA_FINREP_EBA_F_44_03_FINREP_2017-A_2,,Y,,EBA_FINREP_EBA_F_44.03_FINREP_2017-A_2,,,
EBA_FINREP_EBA_F_44_03_FINREP_2_9_1,,X,,EBA_FINREP_EBA_F_44.03_FINREP_2.9_1,,,
EBA_FINREP_EBA_F_44_03_FINREP_2_9_2,,Y,,EBA_FINREP_EBA_F_44.03_FINREP_2.9_2,,,
EBA_FINREP_EBA_F_44_03_FINREP_3_0-Ind_1,,X,,EBA_FINREP_EBA_F_44.03_FINREP_3.0-Ind_1,,,
EBA_FINREP_EBA_F_44_03_FINREP_3_0-Ind_2,,Y,,EBA_FINREP_EBA_F_44.03_FINREP_3.0-Ind_2,,,
EBA_FINREP_EBA_F_44_04_FINREP_2_9_2,,X,,EBA_FINREP_EBA_F_44.04_FINREP_2.9_2,,,
EBA_FINREP_EBA_F_44_04_FINREP_2_9_3,,Y,,EBA_FINREP_EBA_F_44.04_FINREP_2.9_3,,,
EBA_FINREP_EBA_F_45_01_FINREP_2016-A_1,,X,,EBA_FINREP_EBA_F_45.01_FINREP_2016-A_1,,,
EBA_FINREP_EBA_F_45_01_FINREP_2016-A_2,,Y,,EBA_FINREP_EBA_F_45.01_FINREP_2016-A_2,,,
EBA_FINREP_EBA_F_45_01_FINREP_2017-A_1,,X,,EBA_FINREP_EBA_F_45.01_FINREP_2017-A_1,,,
EBA_FINREP_EBA_F_45_01_FINREP_2017-A_2,,Y,,EBA_FINREP_EBA_F_45.01_FINREP_2017-A_2,,,
EBA_FINREP_EBA_F_45_01_FINREP_3_0-Ind_1,,X,,EBA_FINREP_EBA_F_45.01_FINREP_3.0-Ind_1,,,
EBA_FINREP_EBA_F_45_01_FINREP_3_0-Ind_2,,Y,,EBA_FINREP_EBA_F_45.01_FINREP_3.0-Ind_2,,,
EBA_FINREP_EBA_F_45_02_FINREP_2015-A_1,,X,,EBA_FINREP_EBA_F_45.02_FINREP_2015-A_1,,,
EBA_FINREP_EBA_F_45_02_FINREP_2015-A_2,,Y,,EBA_FINREP_EBA_F_45.02_FINREP_2015-A_2,,,
EBA_FINREP_EBA_F_45_02_FINREP_2017-A_1,,X,,EBA_FINREP_EBA_F_45.02_FINREP_2017-A_1,,,
EBA_FINREP_EBA_F_45_02_FINREP_2017-A_2,,Y,,EBA_FINREP_EBA_F_45.02_FINREP_2017-A_2,,,
EBA_FINREP_EBA_F_45_02_FINREP_2_9_1,,X,,EBA_FINREP_EBA_F_45.02_FINREP_2.9_1,,,
EBA_FINREP_EBA_F_45_02_FINREP_2_9_2,,Y,,EBA_FINREP_EBA_F_45.02_FINREP_2.9_2,,,
EBA_FINREP_EBA_F_45_02_FINREP_3_0-Ind_1,,X,,EBA_FINREP_EBA_F_45.02_FINREP_3.0-Ind_1,,,
EBA_FINREP_EBA_F_45_02_FINREP_3_0-Ind_2,,Y,,EBA_FINREP_EBA_F_45.02_FINREP_3.0-Ind_2,,,
EBA_FINREP_EBA_F_45_03_FINREP_1,,X,,EBA_FINREP_EBA_F_45.03_FINREP_1,,,
EBA_FINREP_EBA_F_45_03_FINREP_2,,Y,,EBA_FINREP_EBA_F_45.03_FINREP_2,,,
EBA_FINREP_EBA_F_45_03_FINREP_2017-A_1,,X,,EBA_FINREP_EBA_F_45.03_FINREP_2017-A_1,,,
EBA_FINREP_EBA_F_45_03_FINREP_2017-A_2,,Y,,EBA_FINREP_EBA_F_45.03_FINREP_2017-A_2,,,
EBA_FINREP_EBA_F_45_03_FINREP_3_0-Ind_1,,X,,EBA_FINREP_EBA_F_45.03_FINREP_3.0-Ind_1,,,
EBA_FINREP_EBA_F_45_03_FINREP_3_0-Ind_2,,Y,,EBA_FINREP_EBA_F_45.03_FINREP_3.0-Ind_2,,,
EBA_FINREP_EBA_F_46_00_FINREP_2015-A_1,,X,,EBA_FINREP_EBA_F_46.00_FINREP_2015-A_1,,,
EBA_FINREP_EBA_F_46_00_FINREP_2015-A_2,,Y,,EBA_FINREP_EBA_F_46.00_FINREP_2015-A_2,,,
EBA_FINREP_EBA_F_46_00_FINREP_2017-A_1,,X,,EBA_FINREP_EBA_F_46.00_FINREP_2017-A_1,,,
EBA_FINREP_EBA_F_46_00_FINREP_2017-A_2,,Y,,EBA_FINREP_EBA_F_46.00_FINREP_2017-A_2,,,
EBA_FINREP_EBA_F_46_00_FINREP_3_0-Ind_1,,X,,EBA_FINREP_EBA_F_46.00_FINREP_3.0-Ind_1,,,
EBA_FINREP_EBA_F_46_00_FINREP_3_0-Ind_2,,Y,,EBA_FINREP_EBA_F_46.00_FINREP_3.0-Ind_2,,,
EBA_FINREP_EBA_F_47_00_FINREP_2_9_2,,X,,EBA_FINREP_EBA_F_47.00_FINREP_2.9_2,,,
EBA_FINREP_EBA_F_47_00_FINREP_2_9_3,,Y,,EBA_FINREP_EBA_F_47.00_FINREP_2.9_3,,,
FINREP_REF_F_00_01_REF_FINREP 3_0_1,,X,,F_00.01_REF_1,,,
FINREP_REF_F_00_01_REF_FINREP 3_0_2,,Y,,F_00.01_REF_2,,,
FINREP_REF_F_00_01_REF_FINREP_1,,X,,F_00.01_REF_1,,,
FINREP_REF_F_00_01_REF_FINREP_2,,Y,,F_00.01_REF_2,,,
FINREP_REF_F_01_01_REF_FINREP 3_0_1,,X,,F_01.01_REF_1,,,
FINREP_REF_F_01_01_REF_FINREP 3_0_2,,Y,,F_01.01_REF_2,,,
FINREP_REF_F_01_02_REF_FINREP 3_0_1,,X,,F_01.02_REF_1,,,
FINREP_REF_F_01_02_REF_FINREP 3_0_2,,Y,,F_01.02_REF_2,,,
FINREP_REF_F_01_03_REF_FINREP 3_0_1,,X,,F_01.03_REF_1,,,
FINREP_REF_F_01_03_REF_FINREP 3_0_2,,Y,,F_01.03_REF_2,,,
FINREP_REF_F_02_00_REF_FINREP 2_9_1,,X,,F_02.00_REF_1,,,
FINREP_REF_F_02_00_REF_FINREP 2_9_2,,Y,,F_02.00_REF_2,,,
FINREP_REF_F_02_00_REF_FINREP 3_0_1,,X,,F_02.00_REF_1,,,
FINREP_REF_F_02_00_REF_FINREP 3_0_2,,Y,,F_02.00_REF_2,,,
FINREP_REF_F_03_00_REF_FINREP 2_8_1,,X,,F_03.00_REF_1,,,
FINREP_REF_F_03_00_REF_FINREP 2_8_2,,Y,,F_03.00_REF_2,,,
FINREP_REF_F_03_00_REF_FINREP 3_0_1,,X,,F_03.00_REF_1,,,
FINREP_REF_F_03_00_REF_FINREP 3_0_2,,Y,,F_03.00_REF_2,,,
FINREP_REF_F_04_01_REF_FINREP 3_0_1,,X,,F_04.01_REF_1,,,
FINREP_REF_F_04_01_REF_FINREP 3_0_2,,Y,,F_04.01_REF_2,,,
FINREP_REF_F_04_02_1_REF_FINREP 3_0_2,,X,,F_04.02.1_REF_2,,,
FINREP_REF_F_04_02_1_REF_FINREP 3_0_3,,Y,,F_04.02.1_REF_3,,,
FINREP_REF_F_04_02_2_REF_FINREP 3_0_2,,X,,F_04.02.2_REF_2,,,
FINREP_REF_F_04_02_2_REF_FINREP 3_0_3,,Y,,F_04.02.2_REF_3,,,
FINREP_REF_F_04_03_1_REF_FINREP 2_9_2,,X,,F_04.03.1_REF_2,,,
FINREP_REF_F_04_03_1_REF_FINREP 2_9_3,,Y,,F_04.03.1_REF_3,,,
FINREP_REF_F_04_03_1_REF_FINREP 3_0_2,,X,,F_04.03.1_REF_2,,,
FINREP_REF_F_04_03_1_REF_FINREP 3_0_3,,Y,,F_04.03.1_REF_3,,,
FINREP_REF_F_04_04_1_REF_FINREP 2_9_2,,X,,F_04.04.1_REF_2,,,
FINREP_REF_F_04_04_1_REF_FINREP 2_9_3,,Y,,F_04.04.1_REF_3,,,
FINREP_REF_F_04_04_1_REF_FINREP 3_0_2,,X,,F_04.04.1_REF_2,,,
FINREP_REF_F_04_04_1_REF_FINREP 3_0_3,,Y,,F_04.04.1_REF_3,,,
FINREP_REF_F_04_05_REF_FINREP 3_0_1,,X,,F_04.05_REF_1,,,
FINREP_REF_F_04_05_REF_FINREP 3_0_2,,Y,,F_04.05_REF_2,,,
FINREP_REF_F_04_06_REF_FINREP 3_0_1,,X,,F_04.06_REF_1,,,
FINREP_REF_F_04_06_REF_FINREP 3_0_2,,Y,,F_04.06_REF_2,,,
FINREP_REF_F_04_07_REF_FINREP 3_0_1,,X,,F_04.07_REF_1,,,
FINREP_REF_F_04_07_REF_FINREP 3_0_2,,Y,,F_04.07_REF_2,,,
FINREP_REF_F_04_08_REF_FINREP 2_9_1,,X,,F_04.08_REF_1,,,
FINREP_REF_F_04_08_REF_FINREP 2_9_2,,Y,,F_04.08_REF_2,,,
FINREP_REF_F_04_08_REF_FINREP 3_0_1,,X,,F_04.08_REF_1,,,
FINREP_REF_F_04_08_REF_FINREP 3_0_2,,Y,,F_04.08_REF_2,,,
FINREP_REF_F_04_09_REF_FINREP 2_9_1,,X,,F_04.09_REF_1,,,
FINREP_REF_F_04_09_REF_FINREP 2_9_2,,Y,,F_04.09_REF_2,,,
FINREP_REF_F_04_09_REF_FINREP 3_0_1,,X,,F_04.09_REF_1,,,
FINREP_REF_F_04_09_REF_FINREP 3_0_2,,Y,,F_04.09_REF_2,,,
FINREP_REF_F_04_10_REF_FINREP 2_9_1,,X,,F_04.10_REF_1,,,
FINREP_REF_F_04_10_REF_FINREP 2_9_2,,Y,,F_04.10_REF_2,,,
FINREP_REF_F_04_10_REF_FINREP 3_0_1,,X,,F_04.10_REF_1,,,
FINREP_REF_F_04_10_REF_FINREP 3_0_2,,Y,,F_04.10_REF_2,,,
FINREP_REF_F_05_01_REF_FINREP 2_8_2,,X,,F_05.01_REF_2,,,
FINREP_REF_F_05_01_REF_FINREP 2_8_3,,Y,,F_05.01_REF_3,,,
FINREP_REF_F_05_01_REF_FINREP 3_0_2,,X,,F_05.01_REF_2,,,
FINREP_REF_F_05_01_REF_FINREP 3_0_3,,Y,,F_05.01_REF_3,,,
FINREP_REF_F_06_01_REF_FINREP 2_9_1,,X,,F_06.01_REF_1,,,
FINREP_REF_F_06_01_REF_FINREP 2_9_2,,Y,,F_06.01_REF_2,,,
FINREP_REF_F_06_01_REF_FINREP 3_0_1,,X,,F_06.01_REF_1,,,
FINREP_REF_F_06_01_REF_FINREP 3_0_2,,Y,,F_06.01_REF_2,,,
FINREP_REF_F_07_01_REF_FINREP 2_8_2,,X,,F_07.01_REF_2,,,
FINREP_REF_F_07_01_REF_FINREP 2_8_3,,Y,,F_07.01_REF_3,,,
FINREP_REF_F_07_01_REF_FINREP 3_0_2,,X,,F_07.01_REF_2,,,
FINREP_REF_F_07_01_REF_FINREP 3_0_3,,Y,,F_07.01_REF_3,,,
FINREP_REF_F_07_02_REF_FINREP 2_8_2,,X,,F_07.02_REF_2,,,
FINREP_REF_F_07_02_REF_FINREP 2_8_3,,Y,,F_07.02_REF_3,,,
FINREP_REF_F_07_02_REF_FINREP 3_0_2,,X,,F_07.02_REF_2,,,
FINREP_REF_F_07_02_REF_FINREP 3_0_3,,Y,,F_07.02_REF_3,,,
FINREP_REF_F_08_01_a_REF_FINREP 2_9_1,,X,,F_08.01.a_REF_1,,,
FINREP_REF_F_08_01_a_REF_FINREP 2_9_2,,Y,,F_08.01.a_REF_2,,,
FINREP_REF_F_08_01_a_REF_FINREP 3_0_1,,X,,F_08.01.a_REF_1,,,
FINREP_REF_F_08_01_a_REF_FINREP 3_0_2,,Y,,F_08.01.a_REF_2,,,
FINREP_REF_F_08_01_b_REF_FINREP 3_0_1,,X,,F_08.01.b_REF_1,,,
FINREP_REF_F_08_01_b_REF_FINREP 3_0_2,,Y,,F_08.01.b_REF_2,,,
FINREP_REF_F_08_02_REF_FINREP 2_8_1,,X,,F_08.02_REF_1,,,
FINREP_REF_F_08_02_REF_FINREP 2_8_2,,Y,,F_08.02_REF_2,,,
FINREP_REF_F_08_02_REF_FINREP 3_0_1,,X,,F_08.02_REF_1,,,
FINREP_REF_F_08_02_REF_FINREP 3_0_2,,Y,,F_08.02_REF_2,,,
FINREP_REF_F_09_01_1_REF_FINREP 3_0_2,,X,,F_09.01.1_REF_2,,,
FINREP_REF_F_09_01_1_REF_FINREP 3_0_3,,Y,,F_09.01.1_REF_3,,,
FINREP_REF_F_09_01_REF_FINREP 3_0_1,,X,,F_09.01_REF_1,,,
FINREP_REF_F_09_01_REF_FINREP 3_0_2,,Y,,F_09.01_REF_2,,,
FINREP_REF_F_09_02_REF_FINREP 3_0_1,,X,,F_09.02_REF_1,,,
FINREP_REF_F_09_02_REF_FINREP 3_0_2,,Y,,F_09.02_REF_2,,,
FINREP_REF_F_10_00_REF_FINREP 3_0_1,,X,,F_10.00_REF_1,,,
FINREP_REF_F_10_00_REF_FINREP 3_0_2,,Y,,F_10.00_REF_2,,,
FINREP_REF_F_11_01_REF_FINREP 3_0_1,,X,,F_11.01_REF_1,,,
FINREP_REF_F_11_01_REF_FINREP 3_0_2,,Y,,F_11.01_REF_2,,,
FINREP_REF_F_11_02_REF_FINREP 3_0_1,,X,,F_11.02_REF_1,,,
FINREP_REF_F_11_02_REF_FINREP 3_0_2,,Y,,F_11.02_REF_2,,,
FINREP_REF_F_11_03_1_REF_FINREP 3_0_2,,X,,F_11.03.1_REF_2,,,
FINREP_REF_F_11_03_1_REF_FINREP 3_0_3,,Y,,F_11.03.1_REF_3,,,
FINREP_REF_F_11_03_REF_FINREP 3_0_2,,X,,F_11.03_REF_2,,,
FINREP_REF_F_11_03_REF_FINREP 3_0_3,,Y,,F_11.03_REF_3,,,
FINREP_REF_F_11_04_REF_FINREP 3_0_2,,X,,F_11.04_REF_2,,,
FINREP_REF_F_11_04_REF_FINREP 3_0_3,,Y,,F_11.04_REF_3,,,
FINREP_REF_F_12_00_REF_FINREP 3_0_1,,X,,F_12.00_REF_1,,,
FINREP_REF_F_12_00_REF_FINREP 3_0_2,,Y,,F_12.00_REF_2,,,
FINREP_REF_F_12_01_a_REF_FINREP 2_8_2,,X,,F_12.01.a_REF_2,,,
FINREP_REF_F_12_01_a_REF_FINREP 2_8_3,,Y,,F_12.01.a_REF_3,,,
FINREP_REF_F_12_01_a_REF_FINREP 2_9_2,,X,,F_12.01.a_REF_2,,,
FINREP_REF_F_12_01_a_REF_FINREP 2_9_3,,Y,,F_12.01.a_REF_3,,,
FINREP_REF_F_12_01_a_REF_FINREP 3_0_2,,X,,F_12.01.a_REF_2,,,
FINREP_REF_F_12_01_a_REF_FINREP 3_0_3,,Y,,F_12.01.a_REF_3,,,
FINREP_REF_F_12_01_b_REF_FINREP 2_8_2,,X,,F_12.01.b_REF_2,,,
FINREP_REF_F_12_01_b_REF_FINREP 2_8_3,,Y,,F_12.01.b_REF_3,,,
FINREP_REF_F_12_01_b_REF_FINREP 3_0_2,,X,,F_12.01.b_REF_2,,,
FINREP_REF_F_12_01_b_REF_FINREP 3_0_3,,Y,,F_12.01.b_REF_3,,,
FINREP_REF_F_12_02_REF_FINREP 3_0_2,,X,,F_12.02_REF_2,,,
FINREP_REF_F_12_02_REF_FINREP 3_0_3,,Y,,F_12.02_REF_3,,,
FINREP_REF_F_13_01_REF_FINREP 2_9_1,,X,,F_13.01_REF_1,,,
FINREP_REF_F_13_01_REF_FINREP 2_9_2,,Y,,F_13.01_REF_2,,,
FINREP_REF_F_13_01_REF_FINREP 3_0_1,,X,,F_13.01_REF_1,,,
FINREP_REF_F_13_01_REF_FINREP 3_0_2,,Y,,F_13.01_REF_2,,,
FINREP_REF_F_13_02_1_a_REF_FINREP 2_9_2,,X,,F_13.02.1.a_REF_2,,,
FINREP_REF_F_13_02_1_a_REF_FINREP 2_9_3,,Y,,F_13.02.1.a_REF_3,,,
FINREP_REF_F_13_02_1_a_REF_FINREP 3_0_2,,X,,F_13.02.1.a_REF_2,,,
FINREP_REF_F_13_02_1_a_REF_FINREP 3_0_3,,Y,,F_13.02.1.a_REF_3,,,
FINREP_REF_F_13_02_1_b_REF_FINREP 2_9_2,,X,,F_13.02.1.b_REF_2,,,
FINREP_REF_F_13_02_1_b_REF_FINREP 2_9_3,,Y,,F_13.02.1.b_REF_3,,,
FINREP_REF_F_13_02_1_b_REF_FINREP 3_0_2,,X,,F_13.02.1.b_REF_2,,,
FINREP_REF_F_13_02_1_b_REF_FINREP 3_0_3,,Y,,F_13.02.1.b_REF_3,,,
FINREP_REF_F_13_03_1_a_REF_FINREP 2_9_2,,X,,F_13.03.1.a_REF_2,,,
FINREP_REF_F_13_03_1_a_REF_FINREP 2_9_3,,Y,,F_13.03.1.a_REF_3,,,
FINREP_REF_F_13_03_1_a_REF_FINREP 3_0_2,,X,,F_13.03.1.a_REF_2,,,
FINREP_REF_F_13_03_1_a_REF_FINREP 3_0_3,,Y,,F_13.03.1.a_REF_3,,,
FINREP_REF_F_13_03_1_b_REF_FINREP 2_9_2,,X,,F_13.03.1.b_REF_2,,,
FINREP_REF_F_13_03_1_b_REF_FINREP 2_9_3,,Y,,F_13.03.1.b_REF_3,,,
FINREP_REF_F_13_03_1_b_REF_FINREP 3_0_2,,X,,F_13.03.1.b_REF_2,,,
FINREP_REF_F_13_03_1_b_REF_FINREP 3_0_3,,Y,,F_13.03.1.b_REF_3,,,
FINREP_REF_F_14_00_REF_FINREP 3_0_1,,X,,F_14.00_REF_1,,,
FINREP_REF_F_14_00_REF_FINREP 3_0_2,,Y,,F_14.00_REF_2,,,
FINREP_REF_F_15_00_a_REF_FINREP 3_0_1,,X,,F_15.00.a_REF_1,,,
FINREP_REF_F_15_00_a_REF_FINREP 3_0_2,,Y,,F_15.00.a_REF_2,,,
FINREP_REF_F_15_00_b_REF_FINREP 3_0_1,,X,,F_15.00.b_REF_1,,,
FINREP_REF_F_15_00_b_REF_FINREP 3_0_2,,Y,,F_15.00.b_REF_2,,,
FINREP_REF_F_16_01_REF_FINREP 2_9_1,,X,,F_16.01_REF_1,,,
FINREP_REF_F_16_01_REF_FINREP 2_9_2,,Y,,F_16.01_REF_2,,,
FINREP_REF_F_16_01_REF_FINREP 3_0_1,,X,,F_16.01_REF_1,,,
FINREP_REF_F_16_01_REF_FINREP 3_0_2,,Y,,F_16.01_REF_2,,,
FINREP_REF_F_16_02_REF_FINREP 3_0_1,,X,,F_16.02_REF_1,,,
FINREP_REF_F_16_02_REF_FINREP 3_0_2,,Y,,F_16.02_REF_2,,,
FINREP_REF_F_16_03_REF_FINREP 3_0_1,,X,,F_16.03_REF_1,,,
FINREP_REF_F_16_03_REF_FINREP 3_0_2,,Y,,F_16.03_REF_2,,,
FINREP_REF_F_16_04_1_REF_FINREP 3_0_2,,X,,F_16.04.1_REF_2,,,
FINREP_REF_F_16_04_1_REF_FINREP 3_0_3,,Y,,F_16.04.1_REF_3,,,
FINREP_REF_F_16_04_REF_FINREP 3_0_1,,X,,F_16.04_REF_1,,,
FINREP_REF_F_16_04_REF_FINREP 3_0_2,,Y,,F_16.04_REF_2,,,
FINREP_REF_F_16_05_REF_FINREP 3_0_1,,X,,F_16.05_REF_1,,,
FINREP_REF_F_16_05_REF_FINREP 3_0_2,,Y,,F_16.05_REF_2,,,
FINREP_REF_F_16_06_REF_FINREP 3_0_1,,X,,F_16.06_REF_1,,,
FINREP_REF_F_16_06_REF_FINREP 3_0_2,,Y,,F_16.06_REF_2,,,
FINREP_REF_F_16_07_a_REF_FINREP 3_0_1,,X,,F_16.07.a_REF_1,,,
FINREP_REF_F_16_07_a_REF_FINREP 3_0_2,,Y,,F_16.07.a_REF_2,,,
FINREP_REF_F_16_07_b_REF_FINREP 3_0_1,,X,,F_16.07.b_REF_1,,,
FINREP_REF_F_16_07_b_REF_FINREP 3_0_2,,Y,,F_16.07.b_REF_2,,,
FINREP_REF_F_16_08_REF_FINREP 2_9_2,,X,,F_16.08_REF_2,,,
FINREP_REF_F_16_08_REF_FINREP 2_9_3,,Y,,F_16.08_REF_3,,,
FINREP_REF_F_16_08_REF_FINREP 3_0_2,,X,,F_16.08_REF_2,,,
FINREP_REF_F_16_08_REF_FINREP 3_0_3,,Y,,F_16.08_REF_3,,,
FINREP_REF_F_17_01_REF_FINREP 3_0_1,,X,,F_17.01_REF_1,,,
FINREP_REF_F_17_01_REF_FINREP 3_0_2,,Y,,F_17.01_REF_2,,,
FINREP_REF_F_17_02_REF_FINREP 3_0_1,,X,,F_17.02_REF_1,,,
FINREP_REF_F_17_02_REF_FINREP 3_0_2,,Y,,F_17.02_REF_2,,,
FINREP_REF_F_17_03_REF_FINREP 3_0_1,,X,,F_17.03_REF_1,,,
FINREP_REF_F_17_03_REF_FINREP 3_0_2,,Y,,F_17.03_REF_2,,,
FINREP_REF_F_18_00_a_REF_FINREP 2_9_1,,X,,F_18.00.a_REF_1,,,
FINREP_REF_F_18_00_a_REF_FINREP 2_9_2,,Y,,F_18.00.a_REF_2,,,
FINREP_REF_F_18_00_a_REF_FINREP 3_0_1,,X,,F_18.00.a_REF_1,,,
FINREP_REF_F_18_00_a_REF_FINREP 3_0_2,,Y,,F_18.00.a_REF_2,,,
FINREP_REF_F_18_00_b_REF_FINREP 2_9_1,,X,,F_18.00.b_REF_1,,,
FINREP_REF_F_18_00_b_REF_FINREP 2_9_2,,Y,,F_18.00.b_REF_2,,,
FINREP_REF_F_18_00_b_REF_FINREP 3_0_1,,X,,F_18.00.b_REF_1,,,
FINREP_REF_F_18_00_b_REF_FINREP 3_0_2,,Y,,F_18.00.b_REF_2,,,
FINREP_REF_F_18_00_c_REF_FINREP 2_9_1,,X,,F_18.00.c_REF_1,,,
FINREP_REF_F_18_00_c_REF_FINREP 2_9_2,,Y,,F_18.00.c_REF_2,,,
FINREP_REF_F_18_00_c_REF_FINREP 3_0_1,,X,,F_18.00.c_REF_1,,,
FINREP_REF_F_18_00_c_REF_FINREP 3_0_2,,Y,,F_18.00.c_REF_2,,,
FINREP_REF_F_18_00_d_REF_FINREP 2_9_2,,X,,F_18.00.d_REF_2,,,
FINREP_REF_F_18_00_d_REF_FINREP 2_9_3,,Y,,F_18.00.d_REF_3,,,
FINREP_REF_F_18_00_d_REF_FINREP 3_0_2,,X,,F_18.00.d_REF_2,,,
FINREP_REF_F_18_00_d_REF_FINREP 3_0_3,,Y,,F_18.00.d_REF_3,,,
FINREP_REF_F_18_00_e_REF_FINREP 2_9_2,,X,,F_18.00.e_REF_2,,,
FINREP_REF_F_18_00_e_REF_FINREP 2_9_3,,Y,,F_18.00.e_REF_3,,,
FINREP_REF_F_18_00_e_REF_FINREP 3_0_2,,X,,F_18.00.e_REF_2,,,
FINREP_REF_F_18_00_e_REF_FINREP 3_0_3,,Y,,F_18.00.e_REF_3,,,
FINREP_REF_F_18_01_REF_FINREP 2_9_2,,X,,F_18.01_REF_2,,,
FINREP_REF_F_18_01_REF_FINREP 2_9_3,,Y,,F_18.01_REF_3,,,
FINREP_REF_F_18_02_a_REF_FINREP 2_9_2,,X,,F_18.02.a_REF_2,,,
FINREP_REF_F_18_02_a_REF_FINREP 2_9_3,,Y,,F_18.02.a_REF_3,,,
FINREP_REF_F_18_02_b_REF_FINREP 2_9_2,,X,,F_18.02.b_REF_2,,,
FINREP_REF_F_18_02_b_REF_FINREP 2_9_3,,Y,,F_18.02.b_REF_3,,,
FINREP_REF_F_18_02_c_REF_FINREP 2_9_2,,X,,F_18.02.c_REF_2,,,
FINREP_REF_F_18_02_c_REF_FINREP 2_9_3,,Y,,F_18.02.c_REF_3,,,
FINREP_REF_F_19_00_a_REF_FINREP 2_9_1,,X,,F_19.00.a_REF_1,,,
FINREP_REF_F_19_00_a_REF_FINREP 2_9_2,,Y,,F_19.00.a_REF_2,,,
FINREP_REF_F_19_00_a_REF_FINREP 3_0_1,,X,,F_19.00.a_REF_1,,,
FINREP_REF_F_19_00_a_REF_FINREP 3_0_2,,Y,,F_19.00.a_REF_2,,,
FINREP_REF_F_19_00_b_REF_FINREP 2_9_1,,X,,F_19.00.b_REF_1,,,
FINREP_REF_F_19_00_b_REF_FINREP 2_9_2,,Y,,F_19.00.b_REF_2,,,
FINREP_REF_F_19_00_b_REF_FINREP 3_0_1,,X,,F_19.00.b_REF_1,,,
FINREP_REF_F_19_00_b_REF_FINREP 3_0_2,,Y,,F_19.00.b_REF_2,,,
FINREP_REF_F_19_00_c_REF_FINREP 2_9_1,,X,,F_19.00.c_REF_1,,,
FINREP_REF_F_19_00_c_REF_FINREP 2_9_2,,Y,,F_19.00.c_REF_2,,,
FINREP_REF_F_19_00_c_REF_FINREP 3_0_1,,X,,F_19.00.c_REF_1,,,
FINREP_REF_F_19_00_c_REF_FINREP 3_0_2,,Y,,F_19.00.c_REF_2,,,
FINREP_REF_F_19_00_d_REF_FINREP 2_9_1,,X,,F_19.00.d_REF_1,,,
FINREP_REF_F_19_00_d_REF_FINREP 2_9_2,,Y,,F_19.00.d_REF_2,,,
FINREP_REF_F_19_00_d_REF_FINREP 3_0_1,,X,,F_19.00.d_REF_1,,,
FINREP_REF_F_19_00_d_REF_FINREP 3_0_2,,Y,,F_19.00.d_REF_2,,,
FINREP_REF_F_19_00_e_REF_FINREP 2_9_2,,X,,F_19.00.e_REF_2,,,
FINREP_REF_F_19_00_e_REF_FINREP 2_9_3,,Y,,F_19.00.e_REF_3,,,
FINREP_REF_F_19_00_e_REF_FINREP 3_0_2,,X,,F_19.00.e_REF_2,,,
FINREP_REF_F_19_00_e_REF_FINREP 3_0_3,,Y,,F_19.00.e_REF_3,,,
FINREP_REF_F_20_01_REF_FINREP 2_8_1,,X,,F_20.01_REF_1,,,
FINREP_REF_F_20_01_REF_FINREP 2_8_2,,Y,,F_20.01_REF_2,,,
FINREP_REF_F_20_01_REF_FINREP 3_0_1,,X,,F_20.01_REF_1,,,
FINREP_REF_F_20_01_REF_FINREP 3_0_2,,Y,,F_20.01_REF_2,,,
FINREP_REF_F_20_02_REF_FINREP 2_8_1,,X,,F_20.02_REF_1,,,
FINREP_REF_F_20_02_REF_FINREP 2_8_2,,Y,,F_20.02_REF_2,,,
FINREP_REF_F_20_02_REF_FINREP 3_0_1,,X,,F_20.02_REF_1,,,
FINREP_REF_F_20_02_REF_FINREP 3_0_2,,Y,,F_20.02_REF_2,,,
FINREP_REF_F_20_03_REF_FINREP 2_8_1,,X,,F_20.03_REF_1,,,
FINREP_REF_F_20_03_REF_FINREP 2_8_2,,Y,,F_20.03_REF_2,,,
FINREP_REF_F_20_03_REF_FINREP 3_0_1,,X,,F_20.03_REF_1,,,
FINREP_REF_F_20_03_REF_FINREP 3_0_2,,Y,,F_20.03_REF_2,,,
FINREP_REF_F_20_04_REF_FINREP 2_8_1,,X,,F_20.04_REF_1,,,
FINREP_REF_F_20_04_REF_FINREP 2_8_2,,Y,,F_20.04_REF_2,,,
FINREP_REF_F_20_04_REF_FINREP 2_8_3,,Z,,F_20.04_REF_3,,,
FINREP_REF_F_20_04_REF_FINREP 3_0_1,,X,,F_20.04_REF_1,,,
FINREP_REF_F_20_04_REF_FINREP 3_0_2,,Y,,F_20.04_REF_2,,,
FINREP_REF_F_20_04_REF_FINREP 3_0_3,,Z,,F_20.04_REF_3,,,
FINREP_REF_F_20_05_a_REF_FINREP 2_9_1,,X,,F_20.05.a_REF_1,,,
FINREP_REF_F_20_05_a_REF_FINREP 2_9_2,,Y,,F_20.05.a_REF_2,,,
FINREP_REF_F_20_05_a_REF_FINREP 2_9_3,,Z,,F_20.05.a_REF_3,,,
FINREP_REF_F_20_05_a_REF_FINREP 3_0_1,,X,,F_20.05.a_REF_1,,,
FINREP_REF_F_20_05_a_REF_FINREP 3_0_2,,Y,,F_20.05.a_REF_2,,,
FINREP_REF_F_20_05_a_REF_FINREP 3_0_3,,Z,,F_20.05.a_REF_3,,,
FINREP_REF_F_20_05_b_REF_FINREP 3_0_1,,X,,F_20.05.b_REF_1,,,
FINREP_REF_F_20_05_b_REF_FINREP 3_0_2,,Y,,F_20.05.b_REF_2,,,
FINREP_REF_F_20_05_b_REF_FINREP 3_0_3,,Z,,F_20.05.b_REF_3,,,
FINREP_REF_F_20_06_REF_FINREP 3_0_1,,X,,F_20.06_REF_1,,,
FINREP_REF_F_20_06_REF_FINREP 3_0_2,,Y,,F_20.06_REF_2,,,
FINREP_REF_F_20_06_REF_FINREP 3_0_3,,Z,,F_20.06_REF_3,,,
FINREP_REF_F_20_07_1_REF_FINREP 3_0_1,,X,,F_20.07.1_REF_1,,,
FINREP_REF_F_20_07_1_REF_FINREP 3_0_2,,Y,,F_20.07.1_REF_2,,,
FINREP_REF_F_20_07_1_REF_FINREP 3_0_3,,Z,,F_20.07.1_REF_3,,,
FINREP_REF_F_21_00_REF_FINREP 3_0_1,,X,,F_21.00_REF_1,,,
FINREP_REF_F_21_00_REF_FINREP 3_0_2,,Y,,F_21.00_REF_2,,,
FINREP_REF_F_22_01_REF_FINREP 2_9_1,,X,,F_22.01_REF_1,,,
FINREP_REF_F_22_01_REF_FINREP 2_9_2,,Y,,F_22.01_REF_2,,,
FINREP_REF_F_22_01_REF_FINREP 3_0_1,,X,,F_22.01_REF_1,,,
FINREP_REF_F_22_01_REF_FINREP 3_0_2,,Y,,F_22.01_REF_2,,,
FINREP_REF_F_22_02_REF_FINREP 3_0_1,,X,,F_22.02_REF_1,,,
FINREP_REF_F_22_02_REF_FINREP 3_0_2,,Y,,F_22.02_REF_2,,,
FINREP_REF_F_23_01_REF_FINREP 2_9_2,,X,,F_23.01_REF_2,,,
FINREP_REF_F_23_01_REF_FINREP 2_9_3,,Y,,F_23.01_REF_3,,,
FINREP_REF_F_23_02_REF_FINREP 2_9_2,,X,,F_23.02_REF_2,,,
FINREP_REF_F_23_02_REF_FINREP 2_9_3,,Y,,F_23.02_REF_3,,,
FINREP_REF_F_23_03_REF_FINREP 2_9_2,,X,,F_23.03_REF_2,,,
FINREP_REF_F_23_03_REF_FINREP 2_9_3,,Y,,F_23.03_REF_3,,,
FINREP_REF_F_23_04_REF_FINREP 2_9_2,,X,,F_23.04_REF_2,,,
FINREP_REF_F_23_04_REF_FINREP 2_9_3,,Y,,F_23.04_REF_3,,,
FINREP_REF_F_23_05_REF_FINREP 2_9_2,,X,,F_23.05_REF_2,,,
FINREP_REF_F_23_05_REF_FINREP 2_9_3,,Y,,F_23.05_REF_3,,,
FINREP_REF_F_23_06_REF_FINREP 2_9_2,,X,,F_23.06_REF_2,,,
FINREP_REF_F_23_06_REF_FINREP 2_9_3,,Y,,F_23.06_REF_3,,,
FINREP_REF_F_24_01_REF_FINREP 2_9_2,,X,,F_24.01_REF_2,,,
FINREP_REF_F_24_01_REF_FINREP 2_9_3,,Y,,F_24.01_REF_3,,,
FINREP_REF_F_24_02_REF_FINREP 2_9_2,,X,,F_24.02_REF_2,,,
FINREP_REF_F_24_02_REF_FINREP 2_9_3,,Y,,F_24.02_REF_3,,,
FINREP_REF_F_24_03_REF_FINREP 2_9_2,,X,,F_24.03_REF_2,,,
FINREP_REF_F_24_03_REF_FINREP 2_9_3,,Y,,F_24.03_REF_3,,,
FINREP_REF_F_25_01_a_REF_FINREP 2_9_2,,X,,F_25.01.a_REF_2,,,
FINREP_REF_F_25_01_a_REF_FINREP 2_9_3,,Y,,F_25.01.a_REF_3,,,
FINREP_REF_F_25_01_a_REF_FINREP 3_0_2,,X,,F_25.01.a_REF_2,,,
FINREP_REF_F_25_01_a_REF_FINREP 3_0_3,,Y,,F_25.01.a_REF_3,,,
FINREP_REF_F_25_01_b_REF_FINREP 2_9_2,,X,,F_25.01.b_REF_2,,,
FINREP_REF_F_25_01_b_REF_FINREP 2_9_3,,Y,,F_25.01.b_REF_3,,,
FINREP_REF_F_25_01_b_REF_FINREP 3_0_2,,X,,F_25.01.b_REF_2,,,
FINREP_REF_F_25_01_b_REF_FINREP 3_0_3,,Y,,F_25.01.b_REF_3,,,
FINREP_REF_F_25_01_c_REF_FINREP 2_9_2,,X,,F_25.01.c_REF_2,,,
FINREP_REF_F_25_01_c_REF_FINREP 2_9_3,,Y,,F_25.01.c_REF_3,,,
FINREP_REF_F_25_01_c_REF_FINREP 3_0_2,,X,,F_25.01.c_REF_2,,,
FINREP_REF_F_25_01_c_REF_FINREP 3_0_3,,Y,,F_25.01.c_REF_3,,,
FINREP_REF_F_25_01_d_REF_FINREP 2_9_2,,X,,F_25.01.d_REF_2,,,
FINREP_REF_F_25_01_d_REF_FINREP 2_9_3,,Y,,F_25.01.d_REF_3,,,
FINREP_REF_F_25_01_d_REF_FINREP 3_0_2,,X,,F_25.01.d_REF_2,,,
FINREP_REF_F_25_01_d_REF_FINREP 3_0_3,,Y,,F_25.01.d_REF_3,,,
FINREP_REF_F_25_02_a_REF_FINREP 2_9_2,,X,,F_25.02.a_REF_2,,,
FINREP_REF_F_25_02_a_REF_FINREP 2_9_3,,Y,,F_25.02.a_REF_3,,,
FINREP_REF_F_25_02_a_REF_FINREP 3_0_2,,X,,F_25.02.a_REF_2,,,
FINREP_REF_F_25_02_a_REF_FINREP 3_0_3,,Y,,F_25.02.a_REF_3,,,
FINREP_REF_F_25_02_b_REF_FINREP 2_9_2,,X,,F_25.02.b_REF_2,,,
FINREP_REF_F_25_02_b_REF_FINREP 2_9_3,,Y,,F_25.02.b_REF_3,,,
FINREP_REF_F_25_02_b_REF_FINREP 3_0_2,,X,,F_25.02.b_REF_2,,,
FINREP_REF_F_25_02_b_REF_FINREP 3_0_3,,Y,,F_25.02.b_REF_3,,,
FINREP_REF_F_25_02_c_REF_FINREP 2_9_2,,X,,F_25.02.c_REF_2,,,
FINREP_REF_F_25_02_c_REF_FINREP 2_9_3,,Y,,F_25.02.c_REF_3,,,
FINREP_REF_F_25_02_c_REF_FINREP 3_0_2,,X,,F_25.02.c_REF_2,,,
FINREP_REF_F_25_02_c_REF_FINREP 3_0_3,,Y,,F_25.02.c_REF_3,,,
FINREP_REF_F_25_03_a_REF_FINREP 2_9_2,,X,,F_25.03.a_REF_2,,,
FINREP_REF_F_25_03_a_REF_FINREP 2_9_3,,Y,,F_25.03.a_REF_3,,,
FINREP_REF_F_25_03_b_REF_FINREP 2_9_2,,X,,F_25.03.b_REF_2,,,
FINREP_REF_F_25_03_b_REF_FINREP 2_9_3,,Y,,F_25.03.b_REF_3,,,
FINREP_REF_F_26_00_a_REF_FINREP 2_9_2,,X,,F_26.00.a_REF_2,,,
FINREP_REF_F_26_00_a_REF_FINREP 2_9_3,,Y,,F_26.00.a_REF_3,,,
FINREP_REF_F_26_00_b_REF_FINREP 2_9_2,,X,,F_26.00.b_REF_2,,,
FINREP_REF_F_26_00_b_REF_FINREP 2_9_3,,Y,,F_26.00.b_REF_3,,,
FINREP_REF_F_30_01_REF_FINREP 3_0_1,,X,,F_30.01_REF_1,,,
FINREP_REF_F_30_01_REF_FINREP 3_0_2,,Y,,F_30.01_REF_2,,,
FINREP_REF_F_30_02_REF_FINREP 2_8_1,,X,,F_30.02_REF_1,,,
FINREP_REF_F_30_02_REF_FINREP 2_8_2,,Y,,F_30.02_REF_2,,,
FINREP_REF_F_30_02_REF_FINREP 3_0_1,,X,,F_30.02_REF_1,,,
FINREP_REF_F_30_02_REF_FINREP 3_0_2,,Y,,F_30.02_REF_2,,,
FINREP_REF_F_31_01_REF_FINREP 3_0_1,,X,,F_31.01_REF_1,,,
FINREP_REF_F_31_01_REF_FINREP 3_0_2,,Y,,F_31.01_REF_2,,,
FINREP_REF_F_31_02_REF_FINREP 3_0_1,,X,,F_31.02_REF_1,,,
FINREP_REF_F_31_02_REF_FINREP 3_0_2,,Y,,F_31.02_REF_2,,,
FINREP_REF_F_40_01_REF_FINREP 3_0_1,,X,,F_40.01_REF_1,,,
FINREP_REF_F_40_01_REF_FINREP 3_0_2,,Y,,F_40.01_REF_2,,,
FINREP_REF_F_40_02_REF_FINREP 3_0_1,,X,,F_40.02_REF_1,,,
FINREP_REF_F_40_02_REF_FINREP 3_0_2,,Y,,F_40.02_REF_2,,,
FINREP_REF_F_41_01_REF_FINREP 3_0_1,,X,,F_41.01_REF_1,,,
FINREP_REF_F_41_01_REF_FINREP 3_0_2,,Y,,F_41.01_REF_2,,,
FINREP_REF_F_41_02_REF_FINREP 3_0_1,,X,,F_41.02_REF_1,,,
FINREP_REF_F_41_02_REF_FINREP 3_0_2,,Y,,F_41.02_REF_2,,,
FINREP_REF_F_42_00_REF_FINREP 2_9_1,,X,,F_42.00_REF_1,,,
FINREP_REF_F_42_00_REF_FINREP 2_9_2,,Y,,F_42.00_REF_2,,,
FINREP_REF_F_42_00_REF_FINREP 3_0_1,,X,,F_42.00_REF_1,,,
FINREP_REF_F_42_00_REF_FINREP 3_0_2,,Y,,F_42.00_REF_2,,,
FINREP_REF_F_43_00_REF_FINREP 3_0_1,,X,,F_43.00_REF_1,,,
FINREP_REF_F_43_00_REF_FINREP 3_0_2,,Y,,F_43.00_REF_2,,,
FINREP_REF_F_44_01_REF_FINREP 3_0_1,,X,,F_44.01_REF_1,,,
FINREP_REF_F_44_01_REF_FINREP 3_0_2,,Y,,F_44.01_REF_2,,,
FINREP_REF_F_44_02_REF_FINREP 3_0_1,,X,,F_44.02_REF_1,,,
FINREP_REF_F_44_02_REF_FINREP 3_0_2,,Y,,F_44.02_REF_2,,,
FINREP_REF_F_44_03_REF_FINREP 2_9_1,,X,,F_44.03_REF_1,,,
FINREP_REF_F_44_03_REF_FINREP 2_9_2,,Y,,F_44.03_REF_2,,,
FINREP_REF_F_44_03_REF_FINREP 3_0_1,,X,,F_44.03_REF_1,,,
FINREP_REF_F_44_03_REF_FINREP 3_0_2,,Y,,F_44.03_REF_2,,,
FINREP_REF_F_44_04_REF_FINREP 2_9_2,,X,,F_44.04_REF_2,,,
FINREP_REF_F_44_04_REF_FINREP 2_9_3,,Y,,F_44.04_REF_3,,,
FINREP_REF_F_45_01_REF_FINREP 3_0_1,,X,,F_45.01_REF_1,,,
FINREP_REF_F_45_01_REF_FINREP 3_0_2,,Y,,F_45.01_REF_2,,,
FINREP_REF_F_45_02_REF_FINREP 2_9_1,,X,,F_45.02_REF_1,,,
FINREP_REF_F_45_02_REF_FINREP 2_9_2,,Y,,F_45.02_REF_2,,,
FINREP_REF_F_45_02_REF_FINREP 3_0_1,,X,,F_45.02_REF_1,,,
FINREP_REF_F_45_02_REF_FINREP 3_0_2,,Y,,F_45.02_REF_2,,,
FINREP_REF_F_45_03_REF_FINREP 3_0_1,,X,,F_45.03_REF_1,,,
FINREP_REF_F_45_03_REF_FINREP 3_0_2,,Y,,F_45.03_REF_2,,,
FINREP_REF_F_46_00_REF_FINREP 3_0_1,,X,,F_46.00_REF_1,,,
FINREP_REF_F_46_00_REF_FINREP 3_0_2,,Y,,F_46.00_REF_2,,,
FINREP_REF_F_47_00_REF_FINREP 2_9_2,,X,,F_47.00_REF_2,,,
FINREP_REF_F_47_00_REF_FINREP 2_9_3,,Y,,F_47.00_REF_3,,,