TABLE_ID,NAME,CODE,DESCRIPTION,MAINTENANCE_AGENCY_ID,VERSION,VALID_FROM,VALID_TO
EBA_FINREP_EBA_F_00_01_FINREP,F 00.01,F_00.01,F 00.01 Nature of Report (FINREP),EBA,FINREP,,
EBA_FINREP_EBA_F_00_01_FINREP_3_0-Ind,F 00.01,F_00.01,F 00.01 Nature of Report (FINREP),EBA,FINREP 3.0-Ind,,
EBA_FINREP_EBA_F_01_01_FINREP_2016-A,F 01.01,F_01.01,F 01.01 Balance Sheet Statement [Statement of Financial Position]: Assets,EBA,FINREP 2016-A,,
EBA_FINREP_EBA_F_01_01_FINREP_2017-A,F 01.01,F_01.01,F 01.01 Balance Sheet Statement [Statement of Financial Position]: Assets,EBA,FINREP 2017-A,,
EBA_FINREP_EBA_F_01_01_FINREP_3_0-Ind,F 01.01,F_01.01,F 01.01 Balance Sheet Statement [Statement of Financial Position]: Assets,EBA,FINREP 3.0-Ind,,
EBA_FINREP_EBA_F_01_02_FINREP_2016-A,F 01.02,F_01.02,F 01.02 Balance Sheet Statement [Statement of Financial Position]: Liabilities,EBA,FINREP 2016-A,,
EBA_FINREP_EBA_F_01_02_FINREP_2017-A,F 01.02,F_01.02,F 01.02 Balance Sheet Statement [Statement of Financial Position]: Liabilities,EBA,FINREP 2017-A,,
EBA_FINREP_EBA_F_01_02_FINREP_3_0-Ind,F 01.02,F_01.02,F 01.02 Balance Sheet Statement [Statement of Financial Position]: Liabilities,EBA,FINREP 3.0-Ind,,
EBA_FINREP_EBA_F_01_03_FINREP,F 01.03,F_01.03,F 01.03 Balance Sheet Statement [Statement of Financial Position]: Equity,EBA,FINREP,,
EBA_FINREP_EBA_F_01_03_FINREP_2017-A,F 01.03,F_01.03,F 01.03 Balance Sheet Statement [Statement of Financial Position]: Equity,EBA,FINREP 2017-A,,
EBA_FINREP_EBA_F_01_03_FINREP_3_0-Ind,F 01.03,F_01.03,F 01.03 Balance Sheet Statement [Statement of Financial Position]: Equity,EBA,FINREP 3.0-Ind,,
EBA_FINREP_EBA_F_02_00_FINREP_2016-A,F 02.00,F_02.00,F 02.00 Statement of profit or loss,EBA,FINREP 2016-A,,
EBA_FINREP_EBA_F_02_00_FINREP_2017-A,F 02.00,F_02.00,F 02.00 Statement of profit or loss,EBA,FINREP 2017-A,,
EBA_FINREP_EBA_F_02_00_FINREP_2_9,F 02.00,F_02.00,F 02.00 Statement of profit or loss,EBA,FINREP 2.9,,
EBA_FINREP_EBA_F_02_00_FINREP_3_0-Ind,F 02.00,F_02.00,F 02.00 Statement of profit or loss,EBA,FINREP 3.0-Ind,,
EBA_FINREP_EBA_F_03_00_FINREP_2015-A,F 03.00,F_03.00,F 03.00 Statement of comprehensive income,EBA,FINREP 2015-A,,
EBA_FINREP_EBA_F_03_00_FINREP_2017-A,F 03.00,F_03.00,F 03.00 Statement of comprehensive income,EBA,FINREP 2017-A,,
EBA_FINREP_EBA_F_03_00_FINREP_2_8,F 03.00,F_03.00,F 03.00 Statement of comprehensive income,EBA,FINREP 2.8,,
EBA_FINREP_EBA_F_03_00_FINREP_3_0-Ind,F 03.00,F_03.00,F 03.00 Statement of comprehensive income,EBA,FINREP 3.0-Ind,,
EBA_FINREP_EBA_F_04_01_FINREP,F 04.01,F_04.01,F 04.01 Breakdown of financial assets by instrument and by counterparty sector: financial assets held for trading,EBA,FINREP,,
EBA_FINREP_EBA_F_04_01_FINREP_2017-A,F 04.01,F_04.01,F 04.01 Breakdown of financial assets by instrument and by counterparty sector: financial assets held for trading,EBA,FINREP 2017-A,,
EBA_FINREP_EBA_F_04_01_FINREP_3_0-Ind,F 04.01,F_04.01,F 04.01 Breakdown of financial assets by instrument and by counterparty sector: financial assets held for trading,EBA,FINREP 3.0-Ind,,
EBA_FINREP_EBA_F_04_02_1_FINREP_2017-A,F 04.02.1,F_04.02.1,F 04.02.1 Breakdown of financial assets by instrument and by counterparty sector: non-trading financial assets mandatorily at fair value through profit or loss,EBA,FINREP 2017-A,,
EBA_FINREP_EBA_F_04_02_1_FINREP_3_0-Ind,F 04.02.1,F_04.02.1,F 04.02.1 Breakdown of financial assets by instrument and by counterparty sector: non-trading financial assets mandatorily at fair value through profit or loss,EBA,FINREP 3.0-Ind,,
EBA_FINREP_EBA_F_04_02_2_FINREP_2017-A,F 04.02.2,F_04.02.2,F 04.02.2 Breakdown of financial assets by instrument and by counterparty sector: financial assets designated at fair value through profit or loss,EBA,FINREP 2017-A,,
EBA_FINREP_EBA_F_04_02_2_FINREP_3_0-Ind,F 04.02.2,F_04.02.2,F 04.02.2 Breakdown of financial assets by instrument and by counterparty sector: financial assets designated at fair value through profit or loss,EBA,FINREP 3.0-Ind,,
EBA_FINREP_EBA_F_04_02_FINREP,F 04.02,F_04.02,F 04.02 Breakdown of financial assets by instrument and by counterparty sector: financial assets designated at fair value through profit or loss,EBA,FINREP,,
EBA_FINREP_EBA_F_04_03_1_FINREP_2017-A,F 04.03.1,F_04.03.1,F 04.03.1 Breakdown of financial assets by instrument and by counterparty sector: financial assets at fair value through other comprehensive income,EBA,FINREP 2017-A,,
EBA_FINREP_EBA_F_04_03_1_FINREP_2_9,F 04.03.1,F_04.03.1,F 04.03.1 Breakdown of financial assets by instrument and by counterparty sector: financial assets at fair value through other comprehensive income,EBA,FINREP 2.9,,
EBA_FINREP_EBA_F_04_03_1_FINREP_3_0-Ind,F 04.03.1,F_04.03.1,F 04.03.1 Breakdown of financial assets by instrument and by counterparty sector: financial assets at fair value through other comprehensive income,EBA,FINREP 3.0-Ind,,
EBA_FINREP_EBA_F_04_03_FINREP,F 04.03,F_04.03,F 04.03 Breakdown of financial assets by instrument and by counterparty sector: available-for-sale financial assets,EBA,FINREP,,
EBA_FINREP_EBA_F_04_04_1_FINREP_2017-A,F 04.04.1,F_04.04.1,F 04.04.1 Breakdown of financial assets by instrument and by counterparty sector: financial assets at amortised cost,EBA,FINREP 2017-A,,
EBA_FINREP_EBA_F_04_04_1_FINREP_2_9,F 04.04.1,F_04.04.1,F 04.04.1 Breakdown of financial assets by instrument and by counterparty sector: financial assets at amortised cost,EBA,FINREP 2.9,,
EBA_FINREP_EBA_F_04_04_1_FINREP_3_0-Ind,F 04.04.1,F_04.04.1,F 04.04.1 Breakdown of financial assets by instrument and by counterparty sector: financial assets at amortised cost,EBA,FINREP 3.0-Ind,,
EBA_FINREP_EBA_F_04_04_FINREP_2015-A,F 04.04,F_04.04,F 04.04 Breakdown of financial assets by instrument and by counterparty sector: loans and receivables and held-to-maturity investments,EBA,FINREP 2015-A,,
EBA_FINREP_EBA_F_04_05_FINREP,F 04.05,F_04.05,F 04.05 Subordinated financial assets,EBA,FINREP,,
EBA_FINREP_EBA_F_04_05_FINREP_2017-A,F 04.05,F_04.05,F 04.05 Subordinated financial assets,EBA,FINREP 2017-A,,
EBA_FINREP_EBA_F_04_05_FINREP_3_0-Ind,F 04.05,F_04.05,F 04.05 Subordinated financial assets,EBA,FINREP 3.0-Ind,,
EBA_FINREP_EBA_F_04_06_FINREP,F 04.06,F_04.06,F 04.06 Breakdown of financial assets by instrument and by counterparty sector: trading financial assets,EBA,FINREP,,
EBA_FINREP_EBA_F_04_06_FINREP_2017-A,F 04.06,F_04.06,F 04.06 Breakdown of financial assets by instrument and by counterparty sector: trading financial assets,EBA,FINREP 2017-A,,
EBA_FINREP_EBA_F_04_06_FINREP_3_0-Ind,F 04.06,F_04.06,F 04.06 Breakdown of financial assets by instrument and by counterparty sector: trading financial assets,EBA,FINREP 3.0-Ind,,
EBA_FINREP_EBA_F_04_07_FINREP,F 04.07,F_04.07,F 04.07 Breakdown of financial assets by instrument and by counterparty sector: non-trading non-derivative financial assets measured at fair value through profit or loss,EBA,FINREP,,
EBA_FINREP_EBA_F_04_07_FINREP_2017-A,F 04.07,F_04.07,F 04.07 Breakdown of financial assets by instrument and by counterparty sector: non-trading non-derivative financial assets measured at fair value through profit or loss,EBA,FINREP 2017-A,,
EBA_FINREP_EBA_F_04_07_FINREP_3_0-Ind,F 04.07,F_04.07,F 04.07 Breakdown of financial assets by instrument and by counterparty sector: non-trading non-derivative financial assets measured at fair value through profit or loss,EBA,FINREP 3.0-Ind,,
EBA_FINREP_EBA_F_04_08_FINREP,F 04.08,F_04.08,F 04.08 Breakdown of financial assets by instrument and by counterparty sector: non-trading non-derivative financial assets measured at fair value to equity,EBA,FINREP,,
EBA_FINREP_EBA_F_04_08_FINREP_2017-A,F 04.08,F_04.08,F 04.08 Breakdown of financial assets by instrument and by counterparty sector: non-trading non-derivative financial assets measured at fair value to equity,EBA,FINREP 2017-A,,
EBA_FINREP_EBA_F_04_08_FINREP_2_9,F 04.08,F_04.08,F 04.08 Breakdown of financial assets by instrument and by counterparty sector: non-trading non-derivative financial assets measured at fair value to equity,EBA,FINREP 2.9,,
EBA_FINREP_EBA_F_04_08_FINREP_3_0-Ind,F 04.08,F_04.08,F 04.08 Breakdown of financial assets by instrument and by counterparty sector: non-trading non-derivative financial assets measured at fair value to equity,EBA,FINREP 3.0-Ind,,
EBA_FINREP_EBA_F_04_09_FINREP_2016-A,F 04.09,F_04.09,F 04.09 Breakdown of financial assets by instrument and by counterparty sector: non-trading debt instruments measured at a cost-based method,EBA,FINREP 2016-A,,
EBA_FINREP_EBA_F_04_09_FINREP_2017-A,F 04.09,F_04.09,F 04.09 Breakdown of financial assets by instrument and by counterparty sector: non-trading non-derivative financial assets measured at a cost-based method,EBA,FINREP 2017-A,,
EBA_FINREP_EBA_F_04_09_FINREP_2_9,F 04.09,F_04.09,F 04.09 Breakdown of financial assets by instrument and by counterparty sector: non-trading non-derivative financial assets measured at a cost-based method,EBA,FINREP 2.9,,
EBA_FINREP_EBA_F_04_09_FINREP_3_0-Ind,F 04.09,F_04.09,F 04.09 Breakdown of financial assets by instrument and by counterparty sector: non-trading non-derivative financial assets measured at a cost-based method,EBA,FINREP 3.0-Ind,,
EBA_FINREP_EBA_F_04_10_FINREP,F 04.10,F_04.10,F 04.10 Breakdown of financial assets by instrument and by counterparty sector: other non-trading non-derivative financial assets,EBA,FINREP,,
EBA_FINREP_EBA_F_04_10_FINREP_2017-A,F 04.10,F_04.10,F 04.10 Breakdown of financial assets by instrument and by counterparty sector: other non-trading non-derivative financial assets,EBA,FINREP 2017-A,,
EBA_FINREP_EBA_F_04_10_FINREP_2_9,F 04.10,F_04.10,F 04.10 Breakdown of financial assets by instrument and by counterparty sector: other non-trading non-derivative financial assets,EBA,FINREP 2.9,,
EBA_FINREP_EBA_F_04_10_FINREP_3_0-Ind,F 04.10,F_04.10,F 04.10 Breakdown of financial assets by instrument and by counterparty sector: other non-trading non-derivative financial assets,EBA,FINREP 3.0-Ind,,
EBA_FINREP_EBA_F_05_00_FINREP_2015-A,F 05.00,F_05.00,F 05.00 Breakdown of loans and advances by product,EBA,FINREP 2015-A,,
EBA_FINREP_EBA_F_05_01_FINREP_2017-A,F 05.01,F_05.01,F 05.01 Breakdown of non-trading loans and advances by product: Loan and advances other than held for trading by product,EBA,FINREP 2017-A,,
EBA_FINREP_EBA_F_05_01_FINREP_2_8,F 05.01,F_05.01,F 05.01 Breakdown of non-trading loans and advances by product: Loan and advances other than held for trading by product,EBA,FINREP 2.8,,
EBA_FINREP_EBA_F_05_01_FINREP_3_0-Ind,F 05.01,F_05.01,"F 05.01 Breakdown of non-trading loans and advances by product: Loans and advances other than held for trading, trading or held for sale assets by product",EBA,FINREP 3.0-Ind,,
EBA_FINREP_EBA_F_06_00_FINREP_2016-A,F 06.00,F_06.00,F 06.00 Breakdown of loans and advances to non-financial corporations by NACE codes,EBA,FINREP 2016-A,,
EBA_FINREP_EBA_F_06_01_FINREP_2017-A,F 06.01,F_06.01,F 06.01 Breakdown of non-trading loans and advances to non-financial corporations by NACE codes,EBA,FINREP 2017-A,,
EBA_FINREP_EBA_F_06_01_FINREP_2_9,F 06.01,F_06.01,F 06.01 Breakdown of non-trading loans and advances other than held for trading to non-financial corporations by NACE codes,EBA,FINREP 2.9,,
EBA_FINREP_EBA_F_06_01_FINREP_3_0-Ind,F 06.01,F_06.01,"F 06.01 Breakdown of loans and advances other than held for trading, trading or held for sale assets to non-financial corporations by NACE codes",EBA,FINREP 3.0-Ind,,
EBA_FINREP_EBA_F_07_00_FINREP_2015-A,F 07.00,F_07.00,F 07.00 Financial assets subject to impairment that are past due or impaired,EBA,FINREP 2015-A,,
EBA_FINREP_EBA_F_07_01_FINREP_2017-A,F 07.01,F_07.01,F 07.01 Financial assets subject to impairment that are past due,EBA,FINREP 2017-A,,
EBA_FINREP_EBA_F_07_01_FINREP_2_8,F 07.01,F_07.01,F 07.01 Financial assets subject to impairment that are past due,EBA,FINREP 2.8,,
EBA_FINREP_EBA_F_07_01_FINREP_3_0-Ind,F 07.01,F_07.01,F 07.01 Financial assets subject to impairment that are past due,EBA,FINREP 3.0-Ind,,
EBA_FINREP_EBA_F_07_02_FINREP_2017-A,F 07.02,F_07.02,F 07.02 Financial assets subject to impairment that are past due under national GAAP,EBA,FINREP 2017-A,,
EBA_FINREP_EBA_F_07_02_FINREP_2_8,F 07.02,F_07.02,F 07.02 Financial assets subject to impairment that are past due under national GAAP,EBA,FINREP 2.8,,
EBA_FINREP_EBA_F_07_02_FINREP_3_0-Ind,F 07.02,F_07.02,F 07.02 Financial assets subject to impairment that are past due under national GAAP,EBA,FINREP 3.0-Ind,,
EBA_FINREP_EBA_F_08_01_a_FINREP_2014-03,F 08.01.a,F_08.01.a,F 08.01.a Breakdown of financial liabilities by product and by counterparty (a),EBA,FINREP 2014-03,,
EBA_FINREP_EBA_F_08_01_a_FINREP_2017-A,F 08.01.a,F_08.01.a,F 08.01.a Breakdown of financial liabilities by product and by counterparty (a),EBA,FINREP 2017-A,,
EBA_FINREP_EBA_F_08_01_a_FINREP_2_9,F 08.01.a,F_08.01.a,F 08.01.a Breakdown of financial liabilities by product and by counterparty (a),EBA,FINREP 2.9,,
EBA_FINREP_EBA_F_08_01_a_FINREP_3_0-Ind,F 08.01.a,F_08.01.a,F 08.01.a Breakdown of financial liabilities by product and by counterparty (a),EBA,FINREP 3.0-Ind,,
EBA_FINREP_EBA_F_08_01_b_FINREP_2014-03,F 08.01.b,F_08.01.b,F 08.01.b Breakdown of financial liabilities by product and by counterparty (b),EBA,FINREP 2014-03,,
EBA_FINREP_EBA_F_08_01_b_FINREP_2017-A,F 08.01.b,F_08.01.b,F 08.01.b Breakdown of financial liabilities by product and by counterparty (b),EBA,FINREP 2017-A,,
EBA_FINREP_EBA_F_08_01_b_FINREP_3_0-Ind,F 08.01.b,F_08.01.b,F 08.01.b Breakdown of financial liabilities by product and by counterparty (b),EBA,FINREP 3.0-Ind,,
EBA_FINREP_EBA_F_08_02_FINREP,F 08.02,F_08.02,F 08.02 Subordinated liabilities,EBA,FINREP,,
EBA_FINREP_EBA_F_08_02_FINREP_2017-A,F 08.02,F_08.02,F 08.02 Subordinated liabilities,EBA,FINREP 2017-A,,
EBA_FINREP_EBA_F_08_02_FINREP_2_8,F 08.02,F_08.02,F 08.02 Subordinated liabilities,EBA,FINREP 2.8,,
EBA_FINREP_EBA_F_08_02_FINREP_3_0-Ind,F 08.02,F_08.02,F 08.02 Subordinated liabilities,EBA,FINREP 3.0-Ind,,
EBA_FINREP_EBA_F_09_01_1_FINREP_2017-A,F 09.01.1,F_09.01.1,"F 09.01.1 Off-balance sheet exposures : Loan commitments, financial guarantees and other commitments given",EBA,FINREP 2017-A,,
EBA_FINREP_EBA_F_09_01_1_FINREP_3_0-Ind,F 09.01.1,F_09.01.1,"F 09.01.1 Off-balance sheet exposures : Loan commitments, financial guarantees and other commitments given",EBA,FINREP 3.0-Ind,,
EBA_FINREP_EBA_F_09_01_FINREP_2015-A,F 09.01,F_09.01,"F 09.01 Off-balance sheet items subject to credit risk: Loan commitments, financial guarantees and other commitments given",EBA,FINREP 2015-A,,
EBA_FINREP_EBA_F_09_01_FINREP_2017-A,F 09.01,F_09.01,"F 09.01 Off-balance sheet exposures under national GAAP: Loan commitments, financial guarantees and other commitments given",EBA,FINREP 2017-A,,
EBA_FINREP_EBA_F_09_01_FINREP_3_0-Ind,F 09.01,F_09.01,"F 09.01 Off-balance sheet exposures under national GAAP: Loan commitments, financial guarantees and other commitments given",EBA,FINREP 3.0-Ind,,
EBA_FINREP_EBA_F_09_02_FINREP,F 09.02,F_09.02,"F 09.02 Loan commitments, financial guarantees and other commitments received",EBA,FINREP,,
EBA_FINREP_EBA_F_09_02_FINREP_2017-A,F 09.02,F_09.02,"F 09.02 Loan commitments, financial guarantees and other commitments received",EBA,FINREP 2017-A,,
EBA_FINREP_EBA_F_09_02_FINREP_3_0-Ind,F 09.02,F_09.02,"F 09.02 Loan commitments, financial guarantees and other commitments received",EBA,FINREP 3.0-Ind,,
EBA_FINREP_EBA_F_10_00_FINREP_2016-A,F 10.00,F_10.00,F 10.00 Derivatives: Trading,EBA,FINREP 2016-A,,
EBA_FINREP_EBA_F_10_00_FINREP_2017-A,F 10.00,F_10.00,F 10.00 Derivatives: Trading and economic hedges,EBA,FINREP 2017-A,,
EBA_FINREP_EBA_F_10_00_FINREP_3_0-Ind,F 10.00,F_10.00,F 10.00 Derivatives: Trading and economic hedges,EBA,FINREP 3.0-Ind,,
EBA_FINREP_EBA_F_11_01_FINREP,F 11.01,F_11.01,F 11.01 Derivatives - Hedge accounting: Breakdown by type of risk and type of hedge,EBA,FINREP,,
EBA_FINREP_EBA_F_11_01_FINREP_2017-A,F 11.01,F_11.01,F 11.01 Derivatives - Hedge accounting: Breakdown by type of risk and type of hedge,EBA,FINREP 2017-A,,
EBA_FINREP_EBA_F_11_01_FINREP_3_0-Ind,F 11.01,F_11.01,F 11.01 Derivatives - Hedge accounting: Breakdown by type of risk and type of hedge,EBA,FINREP 3.0-Ind,,
EBA_FINREP_EBA_F_11_02_FINREP_2016-A,F 11.02,F_11.02,F 11.02 Derivatives - Hedge accounting under National GAAP: Breakdown by type of risk,EBA,FINREP 2016-A,,
EBA_FINREP_EBA_F_11_02_FINREP_2017-A,F 11.02,F_11.02,F 11.02 Derivatives - Hedge accounting under National GAAP: Breakdown by type of risk,EBA,FINREP 2017-A,,
EBA_FINREP_EBA_F_11_02_FINREP_3_0-Ind,F 11.02,F_11.02,F 11.02 Derivatives - Hedge accounting under National GAAP: Breakdown by type of risk,EBA,FINREP 3.0-Ind,,
EBA_FINREP_EBA_F_11_03_1_FINREP_2017-A,F 11.03.1,F_11.03.1,F 11.03.1 Non-derivative hedging instruments under national GAAP: breakdown by accounting portfolio,EBA,FINREP 2017-A,,
EBA_FINREP_EBA_F_11_03_1_FINREP_3_0-Ind,F 11.03.1,F_11.03.1,F 11.03.1 Non-derivative hedging instruments under national GAAP: breakdown by accounting portfolio,EBA,FINREP 3.0-Ind,,
EBA_FINREP_EBA_F_11_03_FINREP_2017-A,F 11.03,F_11.03,F 11.03 Non-derivative hedging instruments: Breakdown by accounting portfolio and type of hedge,EBA,FINREP 2017-A,,
EBA_FINREP_EBA_F_11_03_FINREP_3_0-Ind,F 11.03,F_11.03,F 11.03 Non-derivative hedging instruments: Breakdown by accounting portfolio and type of hedge,EBA,FINREP 3.0-Ind,,
EBA_FINREP_EBA_F_11_04_FINREP_2017-A,F 11.04,F_11.04,F 11.04 Hedged items in fair value hedges,EBA,FINREP 2017-A,,
EBA_FINREP_EBA_F_11_04_FINREP_3_0-Ind,F 11.04,F_11.04,F 11.04 Hedged items in fair value hedges,EBA,FINREP 3.0-Ind,,
EBA_FINREP_EBA_F_12_00_FINREP_2015-A,F 12.00,F_12.00,F 12.00 Movements in allowances for credit losses and impairment of equity instruments,EBA,FINREP 2015-A,,
EBA_FINREP_EBA_F_12_00_FINREP_2017-A,F 12.00,F_12.00,F 12.00 Movements in allowances for credit losses and impairment of equity instruments under national GAAP,EBA,FINREP 2017-A,,
EBA_FINREP_EBA_F_12_00_FINREP_3_0-Ind,F 12.00,F_12.00,F 12.00 Movements in allowances for credit losses and impairment of equity instruments under national GAAP,EBA,FINREP 3.0-Ind,,
EBA_FINREP_EBA_F_12_01_a_FINREP_2017-A,F 12.01.a,F_12.01.a,F 12.01.a Movements in allowances and provisions for credit losses (I),EBA,FINREP 2017-A,,
EBA_FINREP_EBA_F_12_01_a_FINREP_2_8,F 12.01.a,F_12.01.a,F 12.01.a Movements in allowances and provisions for credit losses (I),EBA,FINREP 2.8,,
EBA_FINREP_EBA_F_12_01_a_FINREP_2_9,F 12.01.a,F_12.01.a,F 12.01.a Movements in allowances and provisions for credit losses (I),EBA,FINREP 2.9,,
EBA_FINREP_EBA_F_12_01_a_FINREP_3_0-Ind,F 12.01.a,F_12.01.a,F 12.01.a Movements in allowances and provisions for credit losses (I),EBA,FINREP 3.0-Ind,,
EBA_FINREP_EBA_F_12_01_b_FINREP_2017-A,F 12.01.b,F_12.01.b,F 12.01.b Movements in allowances and provisions for credit losses (II),EBA,FINREP 2017-A,,
EBA_FINREP_EBA_F_12_01_b_FINREP_2_8,F 12.01.b,F_12.01.b,F 12.01.b Movements in allowances and provisions for credit losses (II),EBA,FINREP 2.8,,
EBA_FINREP_EBA_F_12_01_b_FINREP_3_0-Ind,F 12.01.b,F_12.01.b,F 12.01.b Movements in allowances and provisions for credit losses (II),EBA,FINREP 3.0-Ind,,
EBA_FINREP_EBA_F_12_02_FINREP_2017-A,F 12.02,F_12.02,F 12.02 Transfers between impairment stages (gross basis presentation),EBA,FINREP 2017-A,,
EBA_FINREP_EBA_F_12_02_FINREP_3_0-Ind,F 12.02,F_12.02,F 12.02 Transfers between impairment stages (gross basis presentation),EBA,FINREP 3.0-Ind,,
EBA_FINREP_EBA_F_13_01_FINREP_2015-A,F 13.01,F_13.01,F 13.01 Breakdown of loans and advances by collateral and guarantees,EBA,FINREP 2015-A,,
EBA_FINREP_EBA_F_13_01_FINREP_2017-A,F 13.01,F_13.01,F 13.01 Breakdown of collateral and guarantees by loans and advances other than held for trading,EBA,FINREP 2017-A,,
EBA_FINREP_EBA_F_13_01_FINREP_2_9,F 13.01,F_13.01,F 13.01 Breakdown of collateral and guarantees by loans and advances other than held for trading,EBA,FINREP 2.9,,
EBA_FINREP_EBA_F_13_01_FINREP_3_0-Ind,F 13.01,F_13.01,F 13.01 Breakdown of collateral and guarantees by loans and advances other than held for trading,EBA,FINREP 3.0-Ind,,
EBA_FINREP_EBA_F_13_02_1_a_FINREP_2_9,F 13.02.1.a,F_13.02.1.a,F 13.02.1.a Collateral obtained by taking possession during the period (held at the reference date) (I),EBA,FINREP 2.9,,
EBA_FINREP_EBA_F_13_02_1_a_FINREP_3_0-Ind,F 13.02.1.a,F_13.02.1.a,F 13.02.1.a Collateral obtained by taking possession during the period (held at the reference date) (I),EBA,FINREP 3.0-Ind,,
EBA_FINREP_EBA_F_13_02_1_b_FINREP_2_9,F 13.02.1.b,F_13.02.1.b,F 13.02.1.b Collateral obtained by taking possession during the period (held at the reference date) (II),EBA,FINREP 2.9,,
EBA_FINREP_EBA_F_13_02_1_b_FINREP_3_0-Ind,F 13.02.1.b,F_13.02.1.b,F 13.02.1.b Collateral obtained by taking possession during the period (held at the reference date) (II),EBA,FINREP 3.0-Ind,,
EBA_FINREP_EBA_F_13_02_FINREP_2016-A,F 13.02,F_13.02,F 13.02 Collateral obtained by taking possession during the period (held at the reporting date),EBA,FINREP 2016-A,,
EBA_FINREP_EBA_F_13_02_FINREP_2017-A,F 13.02,F_13.02,F 13.02 Collateral obtained by taking possession during the period (held at the reporting date),EBA,FINREP 2017-A,,
EBA_FINREP_EBA_F_13_03_1_a_FINREP_2_9,F 13.03.1.a,F_13.03.1.a,F 13.03.1.a Collateral obtained by taking possession accumulated (I),EBA,FINREP 2.9,,
EBA_FINREP_EBA_F_13_03_1_a_FINREP_3_0-Ind,F 13.03.1.a,F_13.03.1.a,F 13.03.1.a Collateral obtained by taking possession accumulated (I),EBA,FINREP 3.0-Ind,,
EBA_FINREP_EBA_F_13_03_1_b_FINREP_2_9,F 13.03.1.b,F_13.03.1.b,F 13.03.1.b Collateral obtained by taking possession accumulated (II),EBA,FINREP 2.9,,
EBA_FINREP_EBA_F_13_03_1_b_FINREP_3_0-Ind,F 13.03.1.b,F_13.03.1.b,F 13.03.1.b Collateral obtained by taking possession accumulated (II),EBA,FINREP 3.0-Ind,,
EBA_FINREP_EBA_F_13_03_FINREP,F 13.03,F_13.03,F 13.03 Collateral obtained by taking possession [tangible assets] accumulated,EBA,FINREP,,
EBA_FINREP_EBA_F_13_03_FINREP_2017-A,F 13.03,F_13.03,F 13.03 Collateral obtained by taking possession [tangible assets] accumulated,EBA,FINREP 2017-A,,
EBA_FINREP_EBA_F_14_00_FINREP,F 14.00,F_14.00,F 14.00 Fair value hierarchy: financial instruments at fair value,EBA,FINREP,,
EBA_FINREP_EBA_F_14_00_FINREP_2017-A,F 14.00,F_14.00,F 14.00 Fair value hierarchy: financial instruments at fair value,EBA,FINREP 2017-A,,
EBA_FINREP_EBA_F_14_00_FINREP_3_0-Ind,F 14.00,F_14.00,F 14.00 Fair value hierarchy: financial instruments at fair value,EBA,FINREP 3.0-Ind,,
EBA_FINREP_EBA_F_15_00_a_FINREP_2016-A,F 15.00.a,F_15.00.a,F 15.00.a Financial assets pledged as collateral: derecognition and financial liabilities associated with transferred financial assets (a),EBA,FINREP 2016-A,,
EBA_FINREP_EBA_F_15_00_a_FINREP_2017-A,F 15.00.a,F_15.00.a,"F 15.00.a Derecognition and financial liabilities associated with transferred financial assets: Equity instruments, debt securities, loans and advances",EBA,FINREP 2017-A,,
EBA_FINREP_EBA_F_15_00_a_FINREP_3_0-Ind,F 15.00.a,F_15.00.a,"F 15.00.a Derecognition and financial liabilities associated with transferred financial assets: Equity instruments, debt securities, loans and advances",EBA,FINREP 3.0-Ind,,
EBA_FINREP_EBA_F_15_00_b_FINREP_2016-A,F 15.00.b,F_15.00.b,F 15.00.b Financial assets pledged as collateral: derecognition and financial liabilities associated with transferred financial assets (b),EBA,FINREP 2016-A,,
EBA_FINREP_EBA_F_15_00_b_FINREP_2017-A,F 15.00.b,F_15.00.b,"F 15.00.b Derecognition and financial liabilities associated with transferred financial assets: Derivatives, Deposits, Debt securities issued, Other financial liabilities",EBA,FINREP 2017-A,,
EBA_FINREP_EBA_F_15_00_b_FINREP_3_0-Ind,F 15.00.b,F_15.00.b,"F 15.00.b Derecognition and financial liabilities associated with transferred financial assets: Derivatives, Deposits, Debt securities issued, Other financial liabilities",EBA,FINREP 3.0-Ind,,
EBA_FINREP_EBA_F_16_01_FINREP_2017-A,F 16.01,F_16.01,F 16.01 Breakdown of selected statement of profit or loss items: Interest income and expenses by instrument and counterparty sector (a),EBA,FINREP 2017-A,,
EBA_FINREP_EBA_F_16_01_FINREP_2_9,F 16.01,F_16.01,F 16.01 Breakdown of selected statement of profit or loss items: Interest income and expenses by instrument and counterparty sector(a),EBA,FINREP 2.9,,
EBA_FINREP_EBA_F_16_01_FINREP_3_0-Ind,F 16.01,F_16.01,F 16.01 Breakdown of selected statement of profit or loss items: Interest income and expenses by instrument and counterparty sector(a),EBA,FINREP 3.0-Ind,,
EBA_FINREP_EBA_F_16_01_a_FINREP_2016-A,F 16.01.a,F_16.01.a,F 16.01.a Interest income and expenses by instrument and counterparty (a),EBA,FINREP 2016-A,,
EBA_FINREP_EBA_F_16_01_b_FINREP,F 16.01.b,F_16.01.b,F 16.01.b Interest income and expenses by instrument and counterparty (b),EBA,FINREP,,
EBA_FINREP_EBA_F_16_02_FINREP,F 16.02,F_16.02,F 16.02 Realised gains and losses on financial assets and liabilities not measured at fair value through profit or loss by instrument,EBA,FINREP,,
EBA_FINREP_EBA_F_16_02_FINREP_2017-A,F 16.02,F_16.02,F 16.02 Breakdown of selected statement of profit or loss items: Gains or losses on derecognition of financial assets and liabilities not measured at fair value through profit or loss by instrument,EBA,FINREP 2017-A,,
EBA_FINREP_EBA_F_16_02_FINREP_3_0-Ind,F 16.02,F_16.02,F 16.02 Breakdown of selected statement of profit or loss items: Gains or losses on derecognition of financial assets and liabilities not measured at fair value through profit or loss by instrument,EBA,FINREP 3.0-Ind,,
EBA_FINREP_EBA_F_16_03_FINREP,F 16.03,F_16.03,F 16.03 Gains and losses on financial assets and liabilities held for trading by instrument,EBA,FINREP,,
EBA_FINREP_EBA_F_16_03_FINREP_2017-A,F 16.03,F_16.03,F 16.03 Breakdown of selected statement of profit or loss items: Gains or losses on financial assets and liabilities held for trading and trading financial assets and trading financial liabilities by instrument,EBA,FINREP 2017-A,,
EBA_FINREP_EBA_F_16_03_FINREP_3_0-Ind,F 16.03,F_16.03,F 16.03 Breakdown of selected statement of profit or loss items: Gains or losses on financial assets and liabilities held for trading and trading financial assets and trading financial liabilities by instrument,EBA,FINREP 3.0-Ind,,
EBA_FINREP_EBA_F_16_04_1_FINREP_2017-A,F 16.04.1,F_16.04.1,F 16.04.1 Breakdown of selected statement of profit or loss items: Gains or losses on non-trading financial assets mandatorily at fair value through profit or loss by instrument,EBA,FINREP 2017-A,,
EBA_FINREP_EBA_F_16_04_1_FINREP_3_0-Ind,F 16.04.1,F_16.04.1,F 16.04.1 Breakdown of selected statement of profit or loss items: Gains or losses on non-trading financial assets mandatorily at fair value through profit or loss by instrument,EBA,FINREP 3.0-Ind,,
EBA_FINREP_EBA_F_16_04_FINREP,F 16.04,F_16.04,F 16.04 Gains and losses on financial assets and liabilities held for trading by risk,EBA,FINREP,,
EBA_FINREP_EBA_F_16_04_FINREP_2017-A,F 16.04,F_16.04,F 16.04 Breakdown of selected statement of profit or loss items: Gains or losses on financial assets and liabilities held for trading and trading financial assets and trading financial liabilities by risk,EBA,FINREP 2017-A,,
EBA_FINREP_EBA_F_16_04_FINREP_3_0-Ind,F 16.04,F_16.04,F 16.04 Breakdown of selected statement of profit or loss items: Gains or losses on financial assets and liabilities held for trading and trading financial assets and trading financial liabilities by risk,EBA,FINREP 3.0-Ind,,
EBA_FINREP_EBA_F_16_05_FINREP,F 16.05,F_16.05,F 16.05 Gains and losses on financial assets and liabilities designated at fair value through profit or loss by instrument,EBA,FINREP,,
EBA_FINREP_EBA_F_16_05_FINREP_2017-A,F 16.05,F_16.05,F 16.05 Breakdown of selected statement of profit or loss items: Gains or losses on financial assets and liabilities designated at fair value through profit or loss by instrument,EBA,FINREP 2017-A,,
EBA_FINREP_EBA_F_16_05_FINREP_3_0-Ind,F 16.05,F_16.05,F 16.05 Breakdown of selected statement of profit or loss items: Gains or losses on financial assets and liabilities designated at fair value through profit or loss by instrument,EBA,FINREP 3.0-Ind,,
EBA_FINREP_EBA_F_16_06_FINREP,F 16.06,F_16.06,F 16.06 Gains and losses from hedge accounting,EBA,FINREP,,
EBA_FINREP_EBA_F_16_06_FINREP_2017-A,F 16.06,F_16.06,F 16.06 Breakdown of selected statement of profit or loss items: Gains and losses from hedge accounting,EBA,FINREP 2017-A,,
EBA_FINREP_EBA_F_16_06_FINREP_3_0-Ind,F 16.06,F_16.06,F 16.06 Breakdown of selected statement of profit or loss items: Gains and losses from hedge accounting,EBA,FINREP 3.0-Ind,,
EBA_FINREP_EBA_F_16_07_a_FINREP_2015-A,F 16.07.a,F_16.07.a,F 16.07.a Impairment on financial and non-financial assets (a),EBA,FINREP 2015-A,,
EBA_FINREP_EBA_F_16_07_a_FINREP_2017-A,F 16.07.a,F_16.07.a,F 16.07.a Breakdown of selected statement of profit or loss items: Impairment on non-financial assets (a),EBA,FINREP 2017-A,,
EBA_FINREP_EBA_F_16_07_a_FINREP_3_0-Ind,F 16.07.a,F_16.07.a,F 16.07.a Breakdown of selected statement of profit or loss items: Impairment on non-financial assets (a),EBA,FINREP 3.0-Ind,,
EBA_FINREP_EBA_F_16_07_b_FINREP_2015-A,F 16.07.b,F_16.07.b,F 16.07.b Impairment on financial and non-financial assets (b),EBA,FINREP 2015-A,,
EBA_FINREP_EBA_F_16_07_b_FINREP_2017-A,F 16.07.b,F_16.07.b,F 16.07.b Breakdown of selected statement of profit or loss items: Impairment on non-financial assets (b),EBA,FINREP 2017-A,,
EBA_FINREP_EBA_F_16_07_b_FINREP_3_0-Ind,F 16.07.b,F_16.07.b,F 16.07.b Breakdown of selected statement of profit or loss items: Impairment on non-financial assets (b),EBA,FINREP 3.0-Ind,,
EBA_FINREP_EBA_F_16_08_FINREP_2_9,F 16.08,F_16.08,F 16.08 Breakdown of selected statement of profit or loss items: Other administrative expenses,EBA,FINREP 2.9,,
EBA_FINREP_EBA_F_16_08_FINREP_3_0-Ind,F 16.08,F_16.08,F 16.08 Breakdown of selected statement of profit or loss items: Other administrative expenses,EBA,FINREP 3.0-Ind,,
EBA_FINREP_EBA_F_17_01_FINREP_2016-A,F 17.01,F_17.01,F 17.01 Reconciliation between IFRS and CRR scope of consolidation: Assets,EBA,FINREP 2016-A,,
EBA_FINREP_EBA_F_17_01_FINREP_2017-A,F 17.01,F_17.01,F 17.01 Reconciliation between IFRS and CRR scope of consolidation: Assets,EBA,FINREP 2017-A,,
EBA_FINREP_EBA_F_17_01_FINREP_3_0-Ind,F 17.01,F_17.01,F 17.01 Reconciliation between IFRS and CRR scope of consolidation: Assets,EBA,FINREP 3.0-Ind,,
EBA_FINREP_EBA_F_17_02_FINREP_2016-A,F 17.02,F_17.02,"F 17.02 Reconciliation between IFRS and CRR scope of consolidation: Off-balance sheet exposures - loan commitments, financial guarantees and other commitments given",EBA,FINREP 2016-A,,
EBA_FINREP_EBA_F_17_02_FINREP_2017-A,F 17.02,F_17.02,"F 17.02 Reconciliation between IFRS and CRR scope of consolidation: Off-balance sheet exposures - loan commitments, financial guarantees and other commitments given",EBA,FINREP 2017-A,,
EBA_FINREP_EBA_F_17_02_FINREP_3_0-Ind,F 17.02,F_17.02,"F 17.02 Reconciliation between IFRS and CRR scope of consolidation: Off-balance sheet exposures - loan commitments, financial guarantees and other commitments given",EBA,FINREP 3.0-Ind,,
EBA_FINREP_EBA_F_17_03_FINREP_2015-A,F 17.03,F_17.03,F 17.03 Reconciliation between IFRS and CRR scope of consolidation: Liabilities,EBA,FINREP 2015-A,,
EBA_FINREP_EBA_F_17_03_FINREP_2017-A,F 17.03,F_17.03,F 17.03 Reconciliation between IFRS and CRR scope of consolidation: Liabilities,EBA,FINREP 2017-A,,
EBA_FINREP_EBA_F_17_03_FINREP_3_0-Ind,F 17.03,F_17.03,F 17.03 Reconciliation between IFRS and CRR scope of consolidation: Liabilities,EBA,FINREP 3.0-Ind,,
EBA_FINREP_EBA_F_18_00_a_FINREP_2016-A,F 18.00.a,F_18.00.a,F 18.00.a Information on performing and non-performing exposures (I),EBA,FINREP 2016-A,,
EBA_FINREP_EBA_F_18_00_a_FINREP_2017-A,F 18.00.a,F_18.00.a,F 18.00.a Information on performing and non-performing exposures (I),EBA,FINREP 2017-A,,
EBA_FINREP_EBA_F_18_00_a_FINREP_2_9,F 18.00.a,F_18.00.a,F 18.00.a Information on performing and non-performing exposures (I),EBA,FINREP 2.9,,
EBA_FINREP_EBA_F_18_00_a_FINREP_3_0-Ind,F 18.00.a,F_18.00.a,F 18.00.a Information on performing and non-performing exposures (I),EBA,FINREP 3.0-Ind,,
EBA_FINREP_EBA_F_18_00_b_FINREP_2016-A,F 18.00.b,F_18.00.b,F 18.00.b Information on performing and non-performing exposures (II),EBA,FINREP 2016-A,,
EBA_FINREP_EBA_F_18_00_b_FINREP_2017-A,F 18.00.b,F_18.00.b,F 18.00.b Information on performing and non-performing exposures (II),EBA,FINREP 2017-A,,
EBA_FINREP_EBA_F_18_00_b_FINREP_2_9,F 18.00.b,F_18.00.b,F 18.00.b Information on performing and non-performing exposures (II),EBA,FINREP 2.9,,
EBA_FINREP_EBA_F_18_00_b_FINREP_3_0-Ind,F 18.00.b,F_18.00.b,F 18.00.b Information on performing and non-performing exposures (II),EBA,FINREP 3.0-Ind,,
EBA_FINREP_EBA_F_18_00_c_FINREP_2016-A,F 18.00.c,F_18.00.c,F 18.00.c Information on performing and non-performing exposures (III),EBA,FINREP 2016-A,,
EBA_FINREP_EBA_F_18_00_c_FINREP_2017-A,F 18.00.c,F_18.00.c,F 18.00.c Information on performing and non-performing exposures (III),EBA,FINREP 2017-A,,
EBA_FINREP_EBA_F_18_00_c_FINREP_2_9,F 18.00.c,F_18.00.c,F 18.00.c Information on performing and non-performing exposures (III),EBA,FINREP 2.9,,
EBA_FINREP_EBA_F_18_00_c_FINREP_3_0-Ind,F 18.00.c,F_18.00.c,F 18.00.c Information on performing and non-performing exposures (III),EBA,FINREP 3.0-Ind,,
EBA_FINREP_EBA_F_18_00_d_FINREP_2_9,F 18.00.d,F_18.00.d,F 18.00.d Information on performing and non-performing exposures (IV),EBA,FINREP 2.9,,
EBA_FINREP_EBA_F_18_00_d_FINREP_3_0-Ind,F 18.00.d,F_18.00.d,F 18.00.d Information on performing and non-performing exposures (IV),EBA,FINREP 3.0-Ind,,
EBA_FINREP_EBA_F_18_00_e_FINREP_2_9,F 18.00.e,F_18.00.e,F 18.00.e Information on performing and non-performing exposures (V),EBA,FINREP 2.9,,
EBA_FINREP_EBA_F_18_00_e_FINREP_3_0-Ind,F 18.00.e,F_18.00.e,F 18.00.e Information on performing and non-performing exposures (V),EBA,FINREP 3.0-Ind,,
EBA_FINREP_EBA_F_18_01_FINREP_2_9,F 18.01,F_18.01,F 18.01 Inflows and outflows of non-performing exposures - loans and advances by counterparty sector,EBA,FINREP 2.9,,
EBA_FINREP_EBA_F_18_02_a_FINREP_2_9,F 18.02.a,F_18.02.a,F 18.02.a Commercial Real Estate (CRE) loans and additional information on loans secured by immovable property (I),EBA,FINREP 2.9,,
EBA_FINREP_EBA_F_18_02_b_FINREP_2_9,F 18.02.b,F_18.02.b,F 18.02.b Commercial Real Estate (CRE) loans and additional information on loans secured by immovable property (II),EBA,FINREP 2.9,,
EBA_FINREP_EBA_F_18_02_c_FINREP_2_9,F 18.02.c,F_18.02.c,F 18.02.c Commercial Real Estate (CRE) loans and additional information on loans secured by immovable property (III),EBA,FINREP 2.9,,
EBA_FINREP_EBA_F_19_00_a_FINREP_2016-A,F 19.00.a,F_19.00.a,F 19.00.a Information forborn exposures (I),EBA,FINREP 2016-A,,
EBA_FINREP_EBA_F_19_00_a_FINREP_2017-A,F 19.00.a,F_19.00.a,F 19.00.a Information forborn exposures (I),EBA,FINREP 2017-A,,
EBA_FINREP_EBA_F_19_00_a_FINREP_2_9,F 19.00.a,F_19.00.a,F 19.00.a Information on forborne exposures (I),EBA,FINREP 2.9,,
EBA_FINREP_EBA_F_19_00_a_FINREP_3_0-Ind,F 19.00.a,F_19.00.a,F 19.00.a Information on forborne exposures (I),EBA,FINREP 3.0-Ind,,
EBA_FINREP_EBA_F_19_00_b_FINREP_2016-A,F 19.00.b,F_19.00.b,F 19.00.b Information forborn exposures (II),EBA,FINREP 2016-A,,
EBA_FINREP_EBA_F_19_00_b_FINREP_2017-A,F 19.00.b,F_19.00.b,F 19.00.b Information forborn exposures (II),EBA,FINREP 2017-A,,
EBA_FINREP_EBA_F_19_00_b_FINREP_2_9,F 19.00.b,F_19.00.b,F 19.00.b Information on forborne exposures (II),EBA,FINREP 2.9,,
EBA_FINREP_EBA_F_19_00_b_FINREP_3_0-Ind,F 19.00.b,F_19.00.b,F 19.00.b Information on forborne exposures (II),EBA,FINREP 3.0-Ind,,
EBA_FINREP_EBA_F_19_00_c_FINREP_2016-A,F 19.00.c,F_19.00.c,F 19.00.c Information forborn exposures (III),EBA,FINREP 2016-A,,
EBA_FINREP_EBA_F_19_00_c_FINREP_2017-A,F 19.00.c,F_19.00.c,F 19.00.c Information forborn exposures (III),EBA,FINREP 2017-A,,
EBA_FINREP_EBA_F_19_00_c_FINREP_2_9,F 19.00.c,F_19.00.c,F 19.00.c Information on forborne exposures (III),EBA,FINREP 2.9,,
EBA_FINREP_EBA_F_19_00_c_FINREP_3_0-Ind,F 19.00.c,F_19.00.c,F 19.00.c Information on forborne exposures (III),EBA,FINREP 3.0-Ind,,
EBA_FINREP_EBA_F_19_00_d_FINREP_2016-A,F 19.00.d,F_19.00.d,F 19.00.d Information forborn exposures (IV),EBA,FINREP 2016-A,,
EBA_FINREP_EBA_F_19_00_d_FINREP_2017-A,F 19.00.d,F_19.00.d,F 19.00.d Information forborn exposures (IV),EBA,FINREP 2017-A,,
EBA_FINREP_EBA_F_19_00_d_FINREP_2_9,F 19.00.d,F_19.00.d,F 19.00.d Information on forborne exposures (IV),EBA,FINREP 2.9,,
EBA_FINREP_EBA_F_19_00_d_FINREP_3_0-Ind,F 19.00.d,F_19.00.d,F 19.00.d Information on forborne exposures (IV),EBA,FINREP 3.0-Ind,,
EBA_FINREP_EBA_F_19_00_e_FINREP_2_9,F 19.00.e,F_19.00.e,F 19.00.e Information on forborne exposures (V),EBA,FINREP 2.9,,
EBA_FINREP_EBA_F_19_00_e_FINREP_3_0-Ind,F 19.00.e,F_19.00.e,F 19.00.e Information on forborne exposures (V),EBA,FINREP 3.0-Ind,,
EBA_FINREP_EBA_F_20_01_FINREP_2016-A,F 20.01,F_20.01,F 20.01 Geographical breakdown of assets by location of the activities,EBA,FINREP 2016-A,,
EBA_FINREP_EBA_F_20_01_FINREP_2017-A,F 20.01,F_20.01,F 20.01 Geographical breakdown of assets by location of the activities,EBA,FINREP 2017-A,,
EBA_FINREP_EBA_F_20_01_FINREP_2_8,F 20.01,F_20.01,F 20.01 Geographical breakdown of assets by location of the activities,EBA,FINREP 2.8,,
EBA_FINREP_EBA_F_20_01_FINREP_3_0-Ind,F 20.01,F_20.01,F 20.01 Geographical breakdown of assets by location of the activities,EBA,FINREP 3.0-Ind,,
EBA_FINREP_EBA_F_20_02_FINREP_2015-A,F 20.02,F_20.02,F 20.02 Geographical breakdown of liabilities by location of the activities,EBA,FINREP 2015-A,,
EBA_FINREP_EBA_F_20_02_FINREP_2017-A,F 20.02,F_20.02,F 20.02 Geographical breakdown of liabilities by location of the activities,EBA,FINREP 2017-A,,
EBA_FINREP_EBA_F_20_02_FINREP_2_8,F 20.02,F_20.02,F 20.02 Geographical breakdown of liabilities by location of the activities,EBA,FINREP 2.8,,
EBA_FINREP_EBA_F_20_02_FINREP_3_0-Ind,F 20.02,F_20.02,F 20.02 Geographical breakdown of liabilities by location of the activities,EBA,FINREP 3.0-Ind,,
EBA_FINREP_EBA_F_20_03_FINREP_2016-A,F 20.03,F_20.03,F 20.03 Geographical breakdown of main income statement items by location of the activities,EBA,FINREP 2016-A,,
EBA_FINREP_EBA_F_20_03_FINREP_2017-A,F 20.03,F_20.03,F 20.03 Geographical breakdown of main income statement items by location of the activities,EBA,FINREP 2017-A,,
EBA_FINREP_EBA_F_20_03_FINREP_2_8,F 20.03,F_20.03,F 20.03 Geographical breakdown of main income statement items by location of the activities,EBA,FINREP 2.8,,
EBA_FINREP_EBA_F_20_03_FINREP_3_0-Ind,F 20.03,F_20.03,F 20.03 Geographical breakdown of main income statement items by location of the activities,EBA,FINREP 3.0-Ind,,
EBA_FINREP_EBA_F_20_04_FINREP_2015-A,F 20.04,F_20.04,F 20.04 Geographical breakdown of assets by residence of the counterparty,EBA,FINREP 2015-A,,
EBA_FINREP_EBA_F_20_04_FINREP_2017-A,F 20.04,F_20.04,F 20.04 Geographical breakdown of assets by residence of the counterparty,EBA,FINREP 2017-A,,
EBA_FINREP_EBA_F_20_04_FINREP_2_8,F 20.04,F_20.04,F 20.04 Geographical breakdown of assets by residence of the counterparty,EBA,FINREP 2.8,,
EBA_FINREP_EBA_F_20_04_FINREP_2_9_1-Ind,F 20.04,F_20.04,F 20.04 Geographical breakdown of assets by residence of the counterparty,EBA,FINREP 2.9.1-Ind,,
EBA_FINREP_EBA_F_20_04_FINREP_3_0-Ind,F 20.04,F_20.04,F 20.04 Geographical breakdown of assets by residence of the counterparty,EBA,FINREP 3.0-Ind,,
EBA_FINREP_EBA_F_20_05_a_FINREP_2015-A,F 20.05.a,F_20.05.a,F 20.05.a Geographical breakdown of off-balance sheet items subject to credit risk by residence of the counterparty (a),EBA,FINREP 2015-A,,
EBA_FINREP_EBA_F_20_05_a_FINREP_2017-A,F 20.05.a,F_20.05.a,F 20.05.a Geographical breakdown of off-balance sheet items subject to credit risk by residence of the counterparty (a),EBA,FINREP 2017-A,,
EBA_FINREP_EBA_F_20_05_a_FINREP_2_9,F 20.05.a,F_20.05.a,F 20.05.a Geographical breakdown of off-balance sheet exposures by residence of the counterparty (a),EBA,FINREP 2.9,,
EBA_FINREP_EBA_F_20_05_a_FINREP_3_0-Ind,F 20.05.a,F_20.05.a,F 20.05.a Geographical breakdown of off-balance sheet exposures by residence of the counterparty (a),EBA,FINREP 3.0-Ind,,
EBA_FINREP_EBA_F_20_05_b_FINREP_2014-03,F 20.05.b,F_20.05.b,F 20.05.b Geographical breakdown of off-balance sheet items subject to credit risk by residence of the counterparty (b),EBA,FINREP 2014-03,,
EBA_FINREP_EBA_F_20_05_b_FINREP_2017-A,F 20.05.b,F_20.05.b,F 20.05.b Geographical breakdown of off-balance sheet items subject to credit risk by residence of the counterparty (b),EBA,FINREP 2017-A,,
EBA_FINREP_EBA_F_20_05_b_FINREP_3_0-Ind,F 20.05.b,F_20.05.b,F 20.05.b Geographical breakdown of off-balance sheet items subject to credit risk by residence of the counterparty (b),EBA,FINREP 3.0-Ind,,
EBA_FINREP_EBA_F_20_06_FINREP_2014-03,F 20.06,F_20.06,F 20.06 Geographical breakdown of liabilities by residence of the counterparty,EBA,FINREP 2014-03,,
EBA_FINREP_EBA_F_20_06_FINREP_2017-A,F 20.06,F_20.06,F 20.06 Geographical breakdown of liabilities by residence of the counterparty,EBA,FINREP 2017-A,,
EBA_FINREP_EBA_F_20_06_FINREP_3_0-Ind,F 20.06,F_20.06,F 20.06 Geographical breakdown of liabilities by residence of the counterparty,EBA,FINREP 3.0-Ind,,
EBA_FINREP_EBA_F_20_07_1_FINREP_2017-A,F 20.07.1,F_20.07.1,F 20.07.1 Geographical breakdown by residence of the counterparty of loans and advances other than held for trading to non-financial corporations by NACE codes,EBA,FINREP 2017-A,,
EBA_FINREP_EBA_F_20_07_1_FINREP_3_0-Ind,F 20.07.1,F_20.07.1,F 20.07.1 Geographical breakdown by residence of the counterparty of loans and advances other than held for trading to non-financial corporations by NACE codes,EBA,FINREP 3.0-Ind,,
EBA_FINREP_EBA_F_20_07_FINREP_2016-A,F 20.07,F_20.07,F 20.07 Geographical breakdown by residence of the counterparty of loans and advances to non-financial corporations by NACE codes,EBA,FINREP 2016-A,,
EBA_FINREP_EBA_F_21_00_FINREP_2015-A,F 21.00,F_21.00,F 21.00 Tangible and intangible assets: assets subject to operating lease,EBA,FINREP 2015-A,,
EBA_FINREP_EBA_F_21_00_FINREP_2017-A,F 21.00,F_21.00,F 21.00 Tangible and intangible assets: assets subject to operating lease,EBA,FINREP 2017-A,,
EBA_FINREP_EBA_F_21_00_FINREP_3_0-Ind,F 21.00,F_21.00,F 21.00 Tangible and intangible assets: assets subject to operating lease,EBA,FINREP 3.0-Ind,,
EBA_FINREP_EBA_F_22_01_FINREP_2015-A,F 22.01,F_22.01,F 22.01 Fee and commission income and expenses by activity,EBA,FINREP 2015-A,,
EBA_FINREP_EBA_F_22_01_FINREP_2017-A,F 22.01,F_22.01,F 22.01 Fee and commission income and expenses by activity,EBA,FINREP 2017-A,,
EBA_FINREP_EBA_F_22_01_FINREP_2_9,F 22.01,F_22.01,F 22.01 Fee and commission income and expenses by activity,EBA,FINREP 2.9,,
EBA_FINREP_EBA_F_22_01_FINREP_3_0-Ind,F 22.01,F_22.01,F 22.01 Fee and commission income and expenses by activity,EBA,FINREP 3.0-Ind,,
EBA_FINREP_EBA_F_22_02_FINREP,F 22.02,F_22.02,F 22.02 Assets involved in the services provided,EBA,FINREP,,
EBA_FINREP_EBA_F_22_02_FINREP_2017-A,F 22.02,F_22.02,F 22.02 Assets involved in the services provided,EBA,FINREP 2017-A,,
EBA_FINREP_EBA_F_22_02_FINREP_3_0-Ind,F 22.02,F_22.02,F 22.02 Assets involved in the services provided,EBA,FINREP 3.0-Ind,,
EBA_FINREP_EBA_F_23_01_FINREP_2_9,F 23.01,F_23.01,F 23.01 Loans and advances: Number of instruments,EBA,FINREP 2.9,,
EBA_FINREP_EBA_F_23_02_FINREP_2_9,F 23.02,F_23.02,F 23.02 Loans and advances: Additional information on gross carrying amounts,EBA,FINREP 2.9,,
EBA_FINREP_EBA_F_23_03_FINREP_2_9,F 23.03,F_23.03,F 23.03 Loans and advances collateralised by immovable property: Breakdown by LTV ratios,EBA,FINREP 2.9,,
EBA_FINREP_EBA_F_23_04_FINREP_2_9,F 23.04,F_23.04,F 23.04 Loans and advances: Additional information on accumulated impairments and accumulated negative changes in fair value due to credit risk,EBA,FINREP 2.9,,
EBA_FINREP_EBA_F_23_05_FINREP_2_9,F 23.05,F_23.05,F 23.05 Loans and advances: Collateral received and financial guarantees received,EBA,FINREP 2.9,,
EBA_FINREP_EBA_F_23_06_FINREP_2_9,F 23.06,F_23.06,F 23.06 Loans and advances: Accumulated partial write-offs,EBA,FINREP 2.9,,
EBA_FINREP_EBA_F_24_01_FINREP_2_9,F 24.01,F_24.01,F 24.01 Loans and advances: Inflows and outflows of non-performing exposures,EBA,FINREP 2.9,,
EBA_FINREP_EBA_F_24_02_FINREP_2_9,F 24.02,F_24.02,F 24.02 Loans and advances: Flow of impairments and accumulated negative changes in fair value due to credit risk on non-performing exposures,EBA,FINREP 2.9,,
EBA_FINREP_EBA_F_24_03_FINREP_2_9,F 24.03,F_24.03,F 24.03 Loans and advances: Write-offs of non-performing exposures during the period,EBA,FINREP 2.9,,
EBA_FINREP_EBA_F_25_01_a_FINREP_2_9,F 25.01.a,F_25.01.a,F 25.01.a Collateral obtained by taking possession other than collateral classified as Property Plant and Equipment (PP&E): Inflows and outflows (I),EBA,FINREP 2.9,,
EBA_FINREP_EBA_F_25_01_a_FINREP_3_0-Ind,F 25.01.a,F_25.01.a,F 25.01.a Collateral obtained by taking possession other than collateral classified as Property Plant and Equipment (PP&E): Inflows and outflows (I),EBA,FINREP 3.0-Ind,,
EBA_FINREP_EBA_F_25_01_b_FINREP_2_9,F 25.01.b,F_25.01.b,F 25.01.b Collateral obtained by taking possession other than collateral classified as Property Plant and Equipment (PP&E): Inflows and outflows (II),EBA,FINREP 2.9,,
EBA_FINREP_EBA_F_25_01_b_FINREP_3_0-Ind,F 25.01.b,F_25.01.b,F 25.01.b Collateral obtained by taking possession other than collateral classified as Property Plant and Equipment (PP&E): Inflows and outflows (II),EBA,FINREP 3.0-Ind,,
EBA_FINREP_EBA_F_25_01_c_FINREP_2_9,F 25.01.c,F_25.01.c,F 25.01.c Collateral obtained by taking possession other than collateral classified as Property Plant and Equipment (PP&E): Inflows and outflows (III),EBA,FINREP 2.9,,
EBA_FINREP_EBA_F_25_01_c_FINREP_3_0-Ind,F 25.01.c,F_25.01.c,F 25.01.c Collateral obtained by taking possession other than collateral classified as Property Plant and Equipment (PP&E): Inflows and outflows (III),EBA,FINREP 3.0-Ind,,
EBA_FINREP_EBA_F_25_01_d_FINREP_2_9,F 25.01.d,F_25.01.d,F 25.01.d Collateral obtained by taking possession other than collateral classified as Property Plant and Equipment (PP&E): Inflows and outflows (IV),EBA,FINREP 2.9,,
EBA_FINREP_EBA_F_25_01_d_FINREP_3_0-Ind,F 25.01.d,F_25.01.d,F 25.01.d Collateral obtained by taking possession other than collateral classified as Property Plant and Equipment (PP&E): Inflows and outflows (IV),EBA,FINREP 3.0-Ind,,
EBA_FINREP_EBA_F_25_02_a_FINREP_2_9,F 25.02.a,F_25.02.a,F 25.02.a Collateral obtained by taking possession other than collateral classified as Property Plant and Equipment (PP&E): Type of collateral obtained (I),EBA,FINREP 2.9,,
EBA_FINREP_EBA_F_25_02_a_FINREP_3_0-Ind,F 25.02.a,F_25.02.a,F 25.02.a Collateral obtained by taking possession other than collateral classified as Property Plant and Equipment (PP&E): Type of collateral obtained (I),EBA,FINREP 3.0-Ind,,
EBA_FINREP_EBA_F_25_02_b_FINREP_2_9,F 25.02.b,F_25.02.b,F 25.02.b Collateral obtained by taking possession other than collateral classified as Property Plant and Equipment (PP&E): Type of collateral obtained (II),EBA,FINREP 2.9,,
EBA_FINREP_EBA_F_25_02_b_FINREP_3_0-Ind,F 25.02.b,F_25.02.b,F 25.02.b Collateral obtained by taking possession other than collateral classified as Property Plant and Equipment (PP&E): Type of collateral obtained (II),EBA,FINREP 3.0-Ind,,
EBA_FINREP_EBA_F_25_02_c_FINREP_2_9,F 25.02.c,F_25.02.c,F 25.02.c Collateral obtained by taking possession other than collateral classified as Property Plant and Equipment (PP&E): Type of collateral obtained (III),EBA,FINREP 2.9,,
EBA_FINREP_EBA_F_25_02_c_FINREP_3_0-Ind,F 25.02.c,F_25.02.c,F 25.02.c Collateral obtained by taking possession other than collateral classified as Property Plant and Equipment (PP&E): Type of collateral obtained (III),EBA,FINREP 3.0-Ind,,
EBA_FINREP_EBA_F_25_03_a_FINREP_2_9,F 25.03.a,F_25.03.a,F 25.03.a Collateral obtained by taking possession classified as Property Plant and Equipment (PP&E) (I),EBA,FINREP 2.9,,
EBA_FINREP_EBA_F_25_03_b_FINREP_2_9,F 25.03.b,F_25.03.b,F 25.03.b Collateral obtained by taking possession classified as Property Plant and Equipment (PP&E) (II),EBA,FINREP 2.9,,
EBA_FINREP_EBA_F_26_00_a_FINREP_2_9,F 26.00.a,F_26.00.a,F 26.00.a Forbearance management and quality of forbearance (I),EBA,FINREP 2.9,,
EBA_FINREP_EBA_F_26_00_b_FINREP_2_9,F 26.00.b,F_26.00.b,F 26.00.b Forbearance management and quality of forbearance (II),EBA,FINREP 2.9,,
EBA_FINREP_EBA_F_30_01_FINREP,F 30.01,F_30.01,F 30.01 Interests in unconsolidated structured entities,EBA,FINREP,,
EBA_FINREP_EBA_F_30_01_FINREP_2017-A,F 30.01,F_30.01,F 30.01 Interests in unconsolidated structured entities,EBA,FINREP 2017-A,,
EBA_FINREP_EBA_F_30_01_FINREP_3_0-Ind,F 30.01,F_30.01,F 30.01 Interests in unconsolidated structured entities,EBA,FINREP 3.0-Ind,,
EBA_FINREP_EBA_F_30_02_FINREP_2015-A,F 30.02,F_30.02,F 30.02 Breakdown of interests in unconsolidated structured entities by nature of the activities,EBA,FINREP 2015-A,,
EBA_FINREP_EBA_F_30_02_FINREP_2017-A,F 30.02,F_30.02,F 30.02 Breakdown of interests in unconsolidated structured entities by nature of the activities,EBA,FINREP 2017-A,,
EBA_FINREP_EBA_F_30_02_FINREP_2_8,F 30.02,F_30.02,F 30.02 Breakdown of interests in unconsolidated structured entities by nature of the activities,EBA,FINREP 2.8,,
EBA_FINREP_EBA_F_30_02_FINREP_3_0-Ind,F 30.02,F_30.02,F 30.02 Breakdown of interests in unconsolidated structured entities by nature of the activities,EBA,FINREP 3.0-Ind,,
EBA_FINREP_EBA_F_31_01_FINREP_2016-A,F 31.01,F_31.01,F 31.01 Related parties: amounts payable to and amounts receivable from,EBA,FINREP 2016-A,,
EBA_FINREP_EBA_F_31_01_FINREP_2017-A,F 31.01,F_31.01,F 31.01 Related parties: amounts payable to and amounts receivable from,EBA,FINREP 2017-A,,
EBA_FINREP_EBA_F_31_01_FINREP_3_0-Ind,F 31.01,F_31.01,F 31.01 Related parties: amounts payable to and amounts receivable from,EBA,FINREP 3.0-Ind,,
EBA_FINREP_EBA_F_31_02_FINREP_2016-A,F 31.02,F_31.02,F 31.02 Related parties: expenses and income generated by transactions with,EBA,FINREP 2016-A,,
EBA_FINREP_EBA_F_31_02_FINREP_2017-A,F 31.02,F_31.02,F 31.02 Related parties: expenses and income generated by transactions with,EBA,FINREP 2017-A,,
EBA_FINREP_EBA_F_31_02_FINREP_3_0-Ind,F 31.02,F_31.02,F 31.02 Related parties: expenses and income generated by transactions with,EBA,FINREP 3.0-Ind,,
EBA_FINREP_EBA_F_40_01_FINREP_2015-B,F 40.01,F_40.01,F 40.01 Scope of the group: entity-by-entity,EBA,FINREP 2015-B,,
EBA_FINREP_EBA_F_40_01_FINREP_2017-A,F 40.01,F_40.01,F 40.01 Scope of the group: entity-by-entity,EBA,FINREP 2017-A,,
EBA_FINREP_EBA_F_40_01_FINREP_3_0-Ind,F 40.01,F_40.01,F 40.01 Scope of the group: entity-by-entity,EBA,FINREP 3.0-Ind,,
EBA_FINREP_EBA_F_40_02_FINREP,F 40.02,F_40.02,"F 40.02 Scope of the group: ""instrument-by-instrument""",EBA,FINREP,,
EBA_FINREP_EBA_F_40_02_FINREP_2017-A,F 40.02,F_40.02,"F 40.02 Scope of the group: ""instrument-by-instrument""",EBA,FINREP 2017-A,,
EBA_FINREP_EBA_F_40_02_FINREP_3_0-Ind,F 40.02,F_40.02,"F 40.02 Scope of the group: ""instrument-by-instrument""",EBA,FINREP 3.0-Ind,,
EBA_FINREP_EBA_F_41_01_FINREP,F 41.01,F_41.01,F 41.01 Fair value hierarchy: financial instruments at amortised cost,EBA,FINREP,,
EBA_FINREP_EBA_F_41_01_FINREP_2017-A,F 41.01,F_41.01,F 41.01 Fair value hierarchy: financial instruments at amortised cost,EBA,FINREP 2017-A,,
EBA_FINREP_EBA_F_41_01_FINREP_3_0-Ind,F 41.01,F_41.01,F 41.01 Fair value hierarchy: financial instruments at amortised cost,EBA,FINREP 3.0-Ind,,
EBA_FINREP_EBA_F_41_02_FINREP_2014-03,F 41.02,F_41.02,F 41.02 Use of the Fair Value Option,EBA,FINREP 2014-03,,
EBA_FINREP_EBA_F_41_02_FINREP_2017-A,F 41.02,F_41.02,F 41.02 Use of the Fair Value Option,EBA,FINREP 2017-A,,
EBA_FINREP_EBA_F_41_02_FINREP_3_0-Ind,F 41.02,F_41.02,F 41.02 Use of the Fair Value Option,EBA,FINREP 3.0-Ind,,
EBA_FINREP_EBA_F_41_03_FINREP,F 41.03,F_41.03,F 41.03 Hybrid financial instruments not designated at fair value through profit or loss,EBA,FINREP,,
EBA_FINREP_EBA_F_42_00_FINREP_2015-A,F 42.00,F_42.00,F 42.00 Tangible and intangible assets: carrying amount,EBA,FINREP 2015-A,,
EBA_FINREP_EBA_F_42_00_FINREP_2017-A,F 42.00,F_42.00,F 42.00 Tangible and intangible assets: carrying amount,EBA,FINREP 2017-A,,
EBA_FINREP_EBA_F_42_00_FINREP_2_9,F 42.00,F_42.00,F 42.00 Tangible and intangible assets: carrying amount by measurement method,EBA,FINREP 2.9,,
EBA_FINREP_EBA_F_42_00_FINREP_3_0-Ind,F 42.00,F_42.00,F 42.00 Tangible and intangible assets: carrying amount by measurement method,EBA,FINREP 3.0-Ind,,
EBA_FINREP_EBA_F_43_00_FINREP_2015-A,F 43.00,F_43.00,F 43.00 Provisions,EBA,FINREP 2015-A,,
EBA_FINREP_EBA_F_43_00_FINREP_2017-A,F 43.00,F_43.00,F 43.00 Provisions,EBA,FINREP 2017-A,,
EBA_FINREP_EBA_F_43_00_FINREP_3_0-Ind,F 43.00,F_43.00,F 43.00 Provisions,EBA,FINREP 3.0-Ind,,
EBA_FINREP_EBA_F_44_01_FINREP,F 44.01,F_44.01,F 44.01 Components of net defined benefit plan assets and liabilities,EBA,FINREP,,
EBA_FINREP_EBA_F_44_01_FINREP_2017-A,F 44.01,F_44.01,F 44.01 Components of net defined benefit plan assets and liabilities,EBA,FINREP 2017-A,,
EBA_FINREP_EBA_F_44_01_FINREP_3_0-Ind,F 44.01,F_44.01,F 44.01 Components of net defined benefit plan assets and liabilities,EBA,FINREP 3.0-Ind,,
EBA_FINREP_EBA_F_44_02_FINREP,F 44.02,F_44.02,F 44.02 Movements in defined benefit plans and employee benefits,EBA,FINREP,,
EBA_FINREP_EBA_F_44_02_FINREP_2017-A,F 44.02,F_44.02,F 44.02 Movements in defined benefit plans and employee benefits,EBA,FINREP 2017-A,,
EBA_FINREP_EBA_F_44_02_FINREP_3_0-Ind,F 44.02,F_44.02,F 44.02 Movements in defined benefit plans and employee benefits,EBA,FINREP 3.0-Ind,,
EBA_FINREP_EBA_F_44_03_FINREP,F 44.03,F_44.03,F 44.03 Memo items [related to staff expenses],EBA,FINREP,,
EBA_FINREP_EBA_F_44_03_FINREP_2017-A,F 44.03,F_44.03,F 44.03 Memo items [related to staff expenses],EBA,FINREP 2017-A,,
EBA_FINREP_EBA_F_44_03_FINREP_2_9,F 44.03,F_44.03,F 44.03 Staff expenses by type of benefits,EBA,FINREP 2.9,,
EBA_FINREP_EBA_F_44_03_FINREP_3_0-Ind,F 44.03,F_44.03,F 44.03 Staff expenses by type of benefits,EBA,FINREP 3.0-Ind,,
EBA_FINREP_EBA_F_44_04_FINREP_2_9,F 44.04,F_44.04,F 44.04 Staff expenses by category of remuneration and category of staff,EBA,FINREP 2.9,,
EBA_FINREP_EBA_F_45_01_FINREP_2016-A,F 45.01,F_45.01,F 45.01 Gains and losses on financial assets and liabilities designated at fair value through profit or loss by accounting portfolio,EBA,FINREP 2016-A,,
EBA_FINREP_EBA_F_45_01_FINREP_2017-A,F 45.01,F_45.01,F 45.01 Gains and losses on financial assets and liabilities designated at fair value through profit or loss by accounting portfolio,EBA,FINREP 2017-A,,
EBA_FINREP_EBA_F_45_01_FINREP_3_0-Ind,F 45.01,F_45.01,F 45.01 Gains and losses on financial assets and liabilities designated at fair value through profit or loss by accounting portfolio,EBA,FINREP 3.0-Ind,,
EBA_FINREP_EBA_F_45_02_FINREP_2015-A,F 45.02,F_45.02,F 45.02 Gains and losses on derecognition of non-financial assets other than held for sale,EBA,FINREP 2015-A,,
EBA_FINREP_EBA_F_45_02_FINREP_2017-A,F 45.02,F_45.02,F 45.02 Gains or losses on derecognition of non-financial assets,EBA,FINREP 2017-A,,
EBA_FINREP_EBA_F_45_02_FINREP_2_9,F 45.02,F_45.02,F 45.02 Gains or losses on derecognition of non-financial assets,EBA,FINREP 2.9,,
EBA_FINREP_EBA_F_45_02_FINREP_3_0-Ind,F 45.02,F_45.02,F 45.02 Gains or losses on derecognition of non-financial assets,EBA,FINREP 3.0-Ind,,
EBA_FINREP_EBA_F_45_03_FINREP,F 45.03,F_45.03,F 45.03 Other operating income and expenses,EBA,FINREP,,
EBA_FINREP_EBA_F_45_03_FINREP_2017-A,F 45.03,F_45.03,F 45.03 Other operating income and expenses,EBA,FINREP 2017-A,,
EBA_FINREP_EBA_F_45_03_FINREP_3_0-Ind,F 45.03,F_45.03,F 45.03 Other operating income and expenses,EBA,FINREP 3.0-Ind,,
EBA_FINREP_EBA_F_46_00_FINREP_2015-A,F 46.00,F_46.00,F 46.00 Statement of changes in equity,EBA,FINREP 2015-A,,
EBA_FINREP_EBA_F_46_00_FINREP_2017-A,F 46.00,F_46.00,F 46.00 Statement of changes in equity,EBA,FINREP 2017-A,,
EBA_FINREP_EBA_F_46_00_FINREP_3_0-Ind,F 46.00,F_46.00,F 46.00 Statement of changes in equity,EBA,FINREP 3.0-Ind,,
EBA_FINREP_EBA_F_47_00_FINREP_2_9,F 47.00,F_47.00,F 47.00 Loans and advances: Average duration and recovery periods,EBA,FINREP 2.9,,